-- phpMyAdmin SQL Dump
-- version 2.9.1
-- http://www.phpmyadmin.net
-- 
-- Host: localhost
-- Generato il: 10 Dic, 2008 at 02:31 PM
-- Versione MySQL: 5.0.67
-- Versione PHP: 4.4.8
-- 
-- Database: `my_mbasergio`
-- 

-- --------------------------------------------------------

-- 
-- Struttura della tabella `sd_accessi`
-- 

DROP TABLE IF EXISTS `sd_accessi`;
CREATE TABLE IF NOT EXISTS `sd_accessi` (
  `ID` int(11) NOT NULL auto_increment,
  `SESSIONE` varchar(32) NOT NULL default '',
  `USERNAME` varchar(50) NOT NULL default '',
  `DATA` date NOT NULL default '0000-00-00',
  `ORA` time NOT NULL default '00:00:00',
  PRIMARY KEY  (`ID`,`SESSIONE`,`USERNAME`,`DATA`)
) ENGINE=MyISAM  DEFAULT CHARSET=latin1 AUTO_INCREMENT=3 ;

-- 
-- Dump dei dati per la tabella `sd_accessi`
-- 

INSERT INTO `sd_accessi` (`ID`, `SESSIONE`, `USERNAME`, `DATA`, `ORA`) VALUES 
(1, '', '3daec07235', '2007-01-17', '13:45:13'),
(2, '3daec07235f57f53769e1c7d1cd31c69', 'sergio.belli', '2007-01-17', '13:45:33');

-- --------------------------------------------------------

-- 
-- Struttura della tabella `sd_acquisti`
-- 

DROP TABLE IF EXISTS `sd_acquisti`;
CREATE TABLE IF NOT EXISTS `sd_acquisti` (
  `ID_Cliente` int(8) NOT NULL default '0',
  `ID_Ordine` int(12) NOT NULL auto_increment,
  `Progressivo_Fattura` int(6) NOT NULL default '0',
  `ID_Articolo` int(10) NOT NULL default '0',
  `Prezzo` decimal(5,2) NOT NULL default '0.00',
  `Quantita` int(4) NOT NULL default '0',
  `IVA` int(2) NOT NULL default '0',
  `ID_Pagamento` varchar(30) NOT NULL default '',
  `Data_Ordine` date NOT NULL default '0000-00-00',
  `Data_Evasione` date NOT NULL default '0000-00-00',
  `Data_Scadenza` date NOT NULL default '0000-00-00',
  `Ragione_Sociale` varchar(100) NOT NULL default '',
  `Cognome` varchar(100) NOT NULL default '',
  `Nome` varchar(100) NOT NULL default '',
  `Indirizzo` varchar(100) NOT NULL default '',
  `Civico` varchar(12) NOT NULL default '',
  `Citta` varchar(100) NOT NULL default '',
  `CAP` varchar(6) NOT NULL default '',
  `Provincia` char(2) NOT NULL default '',
  `Stato` varchar(150) NOT NULL default '',
  `Telefono` varchar(20) NOT NULL default '',
  `Fax` varchar(20) NOT NULL default '',
  `E_mail` varchar(100) NOT NULL default '',
  PRIMARY KEY  (`ID_Ordine`)
) ENGINE=MyISAM DEFAULT CHARSET=latin1 AUTO_INCREMENT=1 ;

-- 
-- Dump dei dati per la tabella `sd_acquisti`
-- 


-- --------------------------------------------------------

-- 
-- Struttura della tabella `sd_admin`
-- 

DROP TABLE IF EXISTS `sd_admin`;
CREATE TABLE IF NOT EXISTS `sd_admin` (
  `ID_Admin` int(12) NOT NULL auto_increment,
  `Cognome` varchar(30) NOT NULL default '',
  `Nome` varchar(30) NOT NULL default '',
  `Livello` int(2) NOT NULL default '0',
  `Login` varchar(50) NOT NULL default '',
  `Password` varchar(8) NOT NULL default '',
  `Email` varchar(100) default NULL,
  PRIMARY KEY  (`ID_Admin`)
) ENGINE=MyISAM  DEFAULT CHARSET=latin1 AUTO_INCREMENT=8 ;

-- 
-- Dump dei dati per la tabella `sd_admin`
-- 

INSERT INTO `sd_admin` (`ID_Admin`, `Cognome`, `Nome`, `Livello`, `Login`, `Password`, `Email`) VALUES 
(1, 'Belli', 'Sergio', 0, 'sergio.belli', 'sergio', 'sergio.belli@email.it'),
(2, 'Baron', 'Andrea', 0, 'andrea.baron', 'andrea', 'andrea.baron@deagostini.it,baron@alice.it'),
(3, 'Baglioni', 'Corrado', 0, 'corrado.baglioni', 'corrado', 'baglioni.net@libero.it'),
(4, 'De Angelis', 'Martino', 0, 'martino.deangelis', 'martino', NULL),
(5, 'Regis', 'Marica', 0, 'marica.regis', 'marica', 'marica.vanni@alice.it'),
(6, 'Bressan', 'Luca', 0, 'luca.bressan', 'luca', 'brexy@libero.it'),
(7, 'Pasqualin', 'Ornella', 0, 'ornella.pasqualin', 'ornella', NULL);

-- --------------------------------------------------------

-- 
-- Struttura della tabella `sd_anagrafica`
-- 

DROP TABLE IF EXISTS `sd_anagrafica`;
CREATE TABLE IF NOT EXISTS `sd_anagrafica` (
  `ID_Azienda` int(10) NOT NULL auto_increment,
  `Abilitato` smallint(6) NOT NULL default '0',
  `Ragione_Sociale` varchar(100) NOT NULL default '',
  `Cognome` varchar(30) NOT NULL default '',
  `Nome` varchar(30) NOT NULL default '',
  `PI` varchar(16) NOT NULL default '',
  `CF` varchar(16) NOT NULL default '',
  `Indirizzo` varchar(60) NOT NULL default '',
  `Citta` varchar(60) NOT NULL default '',
  `CAP` varchar(5) NOT NULL default '',
  `Provincia` char(2) NOT NULL default '',
  `Telefono` varchar(20) NOT NULL default '',
  `Telefono2` varchar(20) default NULL,
  `Telefono3` varchar(20) default NULL,
  `Fax` varchar(20) default NULL,
  `Cell` varchar(20) default NULL,
  `E_mail` varchar(100) default NULL,
  `Web` varchar(50) default NULL,
  PRIMARY KEY  (`ID_Azienda`),
  UNIQUE KEY `PI` (`PI`),
  UNIQUE KEY `E_mail` (`E_mail`)
) ENGINE=MyISAM  DEFAULT CHARSET=latin1 AUTO_INCREMENT=2 ;

-- 
-- Dump dei dati per la tabella `sd_anagrafica`
-- 

INSERT INTO `sd_anagrafica` (`ID_Azienda`, `Abilitato`, `Ragione_Sociale`, `Cognome`, `Nome`, `PI`, `CF`, `Indirizzo`, `Citta`, `CAP`, `Provincia`, `Telefono`, `Telefono2`, `Telefono3`, `Fax`, `Cell`, `E_mail`, `Web`) VALUES 
(1, 0, 'Musica Societa Operaia di Grignasco', 'Banda', 'Musicale', '91001100030', '91001100030', 'Via Rosa Massara 18', 'Grignasco', '28075', 'NO', '0163417130', '0163834668', '', '', '', '', '');

-- --------------------------------------------------------

-- 
-- Struttura della tabella `sd_anni_bilancio`
-- 

DROP TABLE IF EXISTS `sd_anni_bilancio`;
CREATE TABLE IF NOT EXISTS `sd_anni_bilancio` (
  `Anno` varchar(4) NOT NULL default '0',
  PRIMARY KEY  (`Anno`),
  UNIQUE KEY `Anno` (`Anno`)
) ENGINE=MyISAM DEFAULT CHARSET=latin1;

-- 
-- Dump dei dati per la tabella `sd_anni_bilancio`
-- 

INSERT INTO `sd_anni_bilancio` (`Anno`) VALUES 
('2005'),
('2006'),
('2007'),
('2008'),
('2009'),
('2010'),
('2011');

-- --------------------------------------------------------

-- 
-- Struttura della tabella `sd_banche`
-- 

DROP TABLE IF EXISTS `sd_banche`;
CREATE TABLE IF NOT EXISTS `sd_banche` (
  `ID_Banca` int(4) NOT NULL auto_increment,
  `Banca` varchar(50) NOT NULL default '',
  `Indirizzo` varchar(100) NOT NULL default '',
  `Agenzia` varchar(4) NOT NULL default '',
  `Abi` varchar(6) NOT NULL default '',
  `Cab` varchar(6) NOT NULL default '',
  `Conto` varchar(13) NOT NULL default '',
  `Titolare` varchar(100) NOT NULL default '',
  `Deleted` char(1) NOT NULL default 'N',
  PRIMARY KEY  (`ID_Banca`)
) ENGINE=MyISAM  DEFAULT CHARSET=latin1 AUTO_INCREMENT=5 ;

-- 
-- Dump dei dati per la tabella `sd_banche`
-- 

INSERT INTO `sd_banche` (`ID_Banca`, `Banca`, `Indirizzo`, `Agenzia`, `Abi`, `Cab`, `Conto`, `Titolare`, `Deleted`) VALUES 
(1, 'Banca del Credito Cooperativo', 'Via Boh, 32', 'Cent', '08234', '11345', '565658', 'Gnauz Spa', 'Y'),
(2, 'Cassa', '', '', '', '', '', '', 'N'),
(3, 'Banca Intesa', '', '', '03268', '22300', 'aaaa', 'saaaa', 'N'),
(4, 'Banca Prossima', 'Milano - Via Manzoni Angolo Via Verdi', '', '03359', '01600', '1000/00003838', '', 'N');

-- --------------------------------------------------------

-- 
-- Struttura della tabella `sd_clienti`
-- 

DROP TABLE IF EXISTS `sd_clienti`;
CREATE TABLE IF NOT EXISTS `sd_clienti` (
  `ID_Cliente` int(10) NOT NULL auto_increment,
  `Ragione_Sociale` varchar(100) default NULL,
  `Cognome` varchar(100) NOT NULL default '',
  `Nome` varchar(30) NOT NULL default '',
  `PI` varchar(16) default NULL,
  `CF` varchar(16) default NULL,
  `Indirizzo` varchar(60) default NULL,
  `Citta` varchar(60) default NULL,
  `CAP` varchar(5) default NULL,
  `Provincia` char(2) default NULL,
  `Telefono` varchar(20) default NULL,
  `Telefono2` varchar(20) default NULL,
  `Telefono3` varchar(20) default NULL,
  `Fax` varchar(20) default NULL,
  `Cell` varchar(20) default NULL,
  `E_mail` varchar(100) default NULL,
  `Password` varchar(8) default NULL,
  `Web` varchar(50) default NULL,
  PRIMARY KEY  (`ID_Cliente`)
) ENGINE=MyISAM  DEFAULT CHARSET=latin1 AUTO_INCREMENT=64 ;

-- 
-- Dump dei dati per la tabella `sd_clienti`
-- 

INSERT INTO `sd_clienti` (`ID_Cliente`, `Ragione_Sociale`, `Cognome`, `Nome`, `PI`, `CF`, `Indirizzo`, `Citta`, `CAP`, `Provincia`, `Telefono`, `Telefono2`, `Telefono3`, `Fax`, `Cell`, `E_mail`, `Password`, `Web`) VALUES 
(2, '', 'Contardi', 'Giuseppe', '', '', '', '', '', '', '', '', '', '', '', '', '', ''),
(3, '', 'Contardi', 'Marisa', '', '', '', '', '', '', '', '', '', '', '', '', '', ''),
(4, '', 'Cacciami', 'Maria Teresa', '', '', '', '', '', '', '', '', '', '', '', '', '', ''),
(5, '', 'Gattinara', '', '', '', '', '', '', '', '', '', '', '', '', '', '', ''),
(6, '', 'Piane di', 'Serravalle Sesia', '', '', '', '', '', '', '', '', '', '', '', '', '', ''),
(7, '', 'Comitato Carnevale', 'Grignasco', '', '', '', '', '', '', '', '', '', '', '', '', '', ''),
(8, '', 'Club Patacioi', 'Ara', '', '', '', '', '', '', '', '', '', '', '', '', '', ''),
(9, '', 'Famiglia', 'Perazzi', '', '', '', '', '', '', '', '', '', '', '', '', '', ''),
(10, '', 'Famiglia Pozzi', '(Marica+Vanni)', '', '', '', '', '', '', '', '', '', '', '', '', '', ''),
(11, '', 'Famiglia', 'DaParé', '', '', '', '', '', '', '', '', '', '', '', '', '', ''),
(12, '', 'Vinzio', 'Claudia', '', '', '', '', '', '', '', '', '', '', '', '', '', ''),
(13, '', 'Vinzio', 'Vittorino', '', '', '', '', '', '', '', '', '', '', '', '', '', ''),
(14, '', 'Vinzio Rag.', 'Laura', '', '', '', '', '', '', '', '', '', '', '', '', '', ''),
(15, '', 'Festa Bianchet', 'Gianfranca', '', '', '', '', '', '', '', '', '', '', '', '', '', ''),
(16, '', 'Borelli', 'Michele', '', '', '', '', '', '', '', '', '', '', '', '', '', ''),
(17, '', 'Franchi', 'Carlo', '', '', '', '', '', '', '', '', '', '', '', '', '', ''),
(18, '', 'Ventura', '', '', '', '', '', '', '', '', '', '', '', '', '', '', ''),
(19, '', 'Fontaneto', 'Marcello', '', '', '', '', '', '', '', '', '', '', '', '', '', ''),
(20, '', 'Frascotti', 'Giuliano', '', '', '', '', '', '', '', '', '', '', '', '', '', ''),
(21, '', 'Vinzio', 'Ermanno', '', '', '', '', '', '', '', '', '', '', '', '', '', ''),
(22, '', 'Di Lernia', 'Giuseppe', '', '', '', '', '', '', '', '', '', '', '', '', '', ''),
(23, '', 'Famiglia Agazzini', '(Linda+Lore)', '', '', '', '', '', '', '', '', '', '', '', '', '', ''),
(24, '', 'Pozzi', 'Carlo', '', '', '', '', '', '', '', '', '', '', '', '', '', ''),
(25, '', 'Pagnoni', 'Federico', '', '', '', '', '', '', '', '', '', '', '', '', '', ''),
(26, '', 'Pontini', 'Andrea', '', '', '', '', '', '', '', '', '', '', '', '', '', ''),
(27, '', 'Cascio', 'Antonino+Annalisa', '', '', '', '', '', '', '', '', '', '', '', '', '', ''),
(28, '', 'Squaratti', 'Paolo', '', '', '', '', '', '', '', '', '', '', '', '', '', ''),
(29, '', 'Aprile', 'Mauro', '', '', '', '', '', '', '', '', '', '', '', '', '', ''),
(30, '', 'Belli', 'Sergio', '', '', '', '', '', '', '', '', '', '', '', '', '', ''),
(31, '', 'Mischiatti', 'Dino', '', '', '', '', '', '', '', '', '', '', '', '', '', ''),
(32, '', 'Pezzolato', 'Luca', '', '', '', '', '', '', '', '', '', '', '', '', '', ''),
(33, '', 'Ritorno', 'Cassa', '', '', '', '', '', '', '', '', '', '', '', '', '', ''),
(34, '', 'Giuliani', 'Roberto', '', '', '', '', '', '', '', '', '', '', '', '', '', ''),
(35, '', 'Aleppo', 'Athos', '', '', '', '', '', '', '', '', '', '', '', '', '', ''),
(36, '', 'Baglioni', 'Angelo', '', '', '', '', '', '', '', '', '', '', '', '', '', ''),
(37, '', 'Balzarini', 'Ernesto', '', '', '', '', '', '', '', '', '', '', '', '', '', ''),
(38, '', 'Borgato', 'Giuliano', '', '', '', '', '', '', '', '', '', '', '', '', '', ''),
(39, '', 'Canobio', 'Giuseppe', '', '', '', '', '', '', '', '', '', '', '', '', '', ''),
(40, '', 'Del Villani', 'Luigi', '', '', '', '', '', '', '', '', '', '', '', '', '', ''),
(41, '', 'Franzosi', 'Luciano', '', '', '', '', '', '', '', '', '', '', '', '', '', ''),
(42, '', 'Giordani', 'Elio', '', '', '', '', '', '', '', '', '', '', '', '', '', ''),
(43, '', 'Gobbi', 'Angelo', '', '', '', '', '', '', '', '', '', '', '', '', '', ''),
(44, '', 'Molli', 'Luigi', '', '', '', '', '', '', '', '', '', '', '', '', '', ''),
(45, '', 'Negri', 'Renato', '', '', '', '', '', '', '', '', '', '', '', '', '', ''),
(46, '', 'Nobile', 'Piera', '', '', '', '', '', '', '', '', '', '', '', '', '', ''),
(47, '', 'Rabaglio', 'Giovanni', '', '', '', '', '', '', '', '', '', '', '', '', '', ''),
(48, '', 'Stefani', 'Davide', '', '', '', '', '', '', '', '', '', '', '', '', '', ''),
(49, '', 'Teraroli', 'Gianni', '', '', '', '', '', '', '', '', '', '', '', '', '', ''),
(50, '', 'Valsesia', 'Valentino', '', '', '', '', '', '', '', '', '', '', '', '', '', ''),
(51, '', 'Vinzio', 'Fernando', '', '', '', '', '', '', '', '', '', '', '', '', '', ''),
(52, '', 'Mora', 'Gaudenzio', '', '', '', '', '', '', '', '', '', '', '', '', '', ''),
(53, '', 'Mora', 'Flora', '', '', '', '', '', '', '', '', '', '', '', '', '', ''),
(54, '', 'Martinetti', 'Ugo', '', '', '', '', '', '', '', '', '', '', '', '', '', ''),
(55, '', 'Moretti', 'Eleonora', '', '', '', '', '', '', '', '', '', '', '', '', '', ''),
(56, '', 'Mancin', 'Gabriele', '', '', '', '', '', '', '', '', '', '', '', '', '', ''),
(57, '', 'Magistrini', 'Giacomo', '', '', '', '', '', '', '', '', '', '', '', '', '', ''),
(58, '', 'Schizzerato', 'Leonardo', '', '', '', '', '', '', '', '', '', '', '', '', '', ''),
(59, '', 'Anpi Sezione', 'Grignasco', '', '', '', '', '', '', '', '', '', '', '', '', '', ''),
(60, '', 'Velatta', 'Laura', '', '', '', '', '', '', '', '', '', '', '', '', '', ''),
(61, '', 'Priori', 'Festa Patronale Rovasenda', '', '', '', '', '', '', '', '', '', '', '', '', '', ''),
(62, '', 'ProLoco', 'Rovasenda', '', '', '', '', '', '', '', '', '', '', '', '', '', ''),
(63, '', 'Saldo Cassa', 'Iniziale', '', '', '', '', '', '', '', '', '', '', '', '', '', '');

-- --------------------------------------------------------

-- 
-- Struttura della tabella `sd_codici_iva`
-- 

DROP TABLE IF EXISTS `sd_codici_iva`;
CREATE TABLE IF NOT EXISTS `sd_codici_iva` (
  `Codice` varchar(12) NOT NULL default '',
  `Descrizione` varchar(50) NOT NULL default '',
  `Percentuale` varchar(6) NOT NULL default '',
  `Indetraibile` varchar(6) NOT NULL default ''
) ENGINE=MyISAM DEFAULT CHARSET=latin1;

-- 
-- Dump dei dati per la tabella `sd_codici_iva`
-- 

INSERT INTO `sd_codici_iva` (`Codice`, `Descrizione`, `Percentuale`, `Indetraibile`) VALUES 
('20', '20%', '20', '0'),
('10', '10%', '10', '0');

-- --------------------------------------------------------

-- 
-- Struttura della tabella `sd_fatture_acquisto`
-- 

DROP TABLE IF EXISTS `sd_fatture_acquisto`;
CREATE TABLE IF NOT EXISTS `sd_fatture_acquisto` (
  `ID_Fattura_Acquisto` int(10) NOT NULL auto_increment,
  `ID_Fornitore` int(10) NOT NULL default '0',
  `ID_Pagamento` varchar(30) NOT NULL default '',
  `N_Fattura` varchar(12) NOT NULL default '',
  `Data_Fattura` date NOT NULL default '0000-00-00',
  `Ragione_Sociale` varchar(200) NOT NULL default '',
  `PI` varchar(16) NOT NULL default '',
  `Indirizzo` varchar(100) NOT NULL default '',
  `Citta` varchar(60) NOT NULL default '',
  `CAP` varchar(5) NOT NULL default '',
  `Provincia` char(2) NOT NULL default '',
  `Descrizione` text NOT NULL,
  `Totale` decimal(10,2) NOT NULL default '0.00',
  `Imposta` decimal(10,2) NOT NULL default '0.00',
  `Tipo_Pagamento` varchar(20) NOT NULL default '',
  `Scadenza` date NOT NULL default '0000-00-00',
  `Note` text NOT NULL,
  PRIMARY KEY  (`ID_Fattura_Acquisto`)
) ENGINE=MyISAM DEFAULT CHARSET=latin1 AUTO_INCREMENT=1 ;

-- 
-- Dump dei dati per la tabella `sd_fatture_acquisto`
-- 


-- --------------------------------------------------------

-- 
-- Struttura della tabella `sd_fatture_vendita`
-- 

DROP TABLE IF EXISTS `sd_fatture_vendita`;
CREATE TABLE IF NOT EXISTS `sd_fatture_vendita` (
  `ID_Fattura` int(10) NOT NULL auto_increment,
  `Prog_Fattura_Annuo` int(10) default NULL,
  `ID_Cliente` int(10) NOT NULL default '0',
  `ID_Banca` varchar(10) NOT NULL default '',
  `ID_Pagamento` varchar(30) NOT NULL default '',
  `Data_Fattura` date NOT NULL default '0000-00-00',
  `Ragione_Sociale` varchar(200) NOT NULL default '',
  `PI` varchar(16) NOT NULL default '',
  `Indirizzo` varchar(100) NOT NULL default '',
  `Citta` varchar(60) NOT NULL default '',
  `CAP` varchar(5) NOT NULL default '',
  `Provincia` char(2) NOT NULL default '',
  `Descrizione` text NOT NULL,
  `Totale` decimal(10,2) NOT NULL default '0.00',
  `Tipo_Pagamento` varchar(20) NOT NULL default '',
  `Scadenza` date NOT NULL default '0000-00-00',
  `Note` text NOT NULL,
  PRIMARY KEY  (`ID_Fattura`)
) ENGINE=MyISAM DEFAULT CHARSET=latin1 AUTO_INCREMENT=1 ;

-- 
-- Dump dei dati per la tabella `sd_fatture_vendita`
-- 


-- --------------------------------------------------------

-- 
-- Struttura della tabella `sd_fornitori`
-- 

DROP TABLE IF EXISTS `sd_fornitori`;
CREATE TABLE IF NOT EXISTS `sd_fornitori` (
  `ID_Fornitore` int(10) NOT NULL auto_increment,
  `Ragione_Sociale` varchar(100) default NULL,
  `Cognome` varchar(30) NOT NULL default '',
  `Nome` varchar(30) NOT NULL default '',
  `PI` varchar(16) default NULL,
  `CF` varchar(16) default NULL,
  `Indirizzo` varchar(60) default NULL,
  `Citta` varchar(60) default NULL,
  `CAP` varchar(5) default NULL,
  `Civico` varchar(10) default NULL,
  `Provincia` char(2) default NULL,
  `Telefono` varchar(20) default NULL,
  `Telefono2` varchar(20) default NULL,
  `Telefono3` varchar(20) default NULL,
  `Fax` varchar(20) default NULL,
  `Cell` varchar(20) default NULL,
  `E_mail` varchar(100) default NULL,
  `Password` varchar(8) default NULL,
  `Web` varchar(50) default NULL,
  PRIMARY KEY  (`ID_Fornitore`)
) ENGINE=MyISAM  DEFAULT CHARSET=latin1 AUTO_INCREMENT=71 ;

-- 
-- Dump dei dati per la tabella `sd_fornitori`
-- 

INSERT INTO `sd_fornitori` (`ID_Fornitore`, `Ragione_Sociale`, `Cognome`, `Nome`, `PI`, `CF`, `Indirizzo`, `Citta`, `CAP`, `Civico`, `Provincia`, `Telefono`, `Telefono2`, `Telefono3`, `Fax`, `Cell`, `E_mail`, `Password`, `Web`) VALUES 
(2, '', 'Platini', 'Fabrizio', '', '', '', '', '', '', '', '', '', '', '', '', '', '', ''),
(11, '', 'Borelli', 'Ezio', '', '', '', '', '', NULL, '', '', '', '', '', '', '', '', ''),
(4, '', 'De Angelis', 'Roberto', '', '', '', '', '', '', '', '', '', '', '', '', '', '', ''),
(3, '', 'Giuliani', 'Roberto', '', '', '', '', '', '', '', '', '', '', '', '', '', '', ''),
(5, '', 'Anbima', '', '', '', '', '', '', '', '', '', '', '', '', '', '', '', ''),
(64, '', 'Platini', 'Fabrizio', '', '', '', '', '', '', '', '', '', '', '', '', '', '', ''),
(7, '', 'Barlassina', 'Patrizia', '', '', '', '', '', NULL, '', '', '', '', '', '', '', '', ''),
(10, '', 'Vanni', 'Marica', '', '', '', '', '', NULL, '', '', '', '', '', '', '', '', ''),
(65, '', 'Borelli', 'Ezio', '', '', '', '', '', NULL, '', '', '', '', '', '', '', '', ''),
(66, '', 'De Angelis', 'Roberto', '', '', '', '', '', '', '', '', '', '', '', '', '', '', ''),
(67, '', 'Giuliani', 'Roberto', '', '', '', '', '', '', '', '', '', '', '', '', '', '', ''),
(68, '', 'Anbima', '', '', '', '', '', '', '', '', '', '', '', '', '', '', '', ''),
(69, '', 'Barlassina', 'Patrizia', '', '', '', '', '', NULL, '', '', '', '', '', '', '', '', ''),
(70, '', 'Vanni', 'Marica', '', '', '', '', '', NULL, '', '', '', '', '', '', '', '', '');

-- --------------------------------------------------------

-- 
-- Struttura della tabella `sd_movimenti`
-- 

DROP TABLE IF EXISTS `sd_movimenti`;
CREATE TABLE IF NOT EXISTS `sd_movimenti` (
  `ID_Movimento` int(12) NOT NULL auto_increment,
  `ID_Soggetto` varchar(12) NOT NULL default '',
  `Data_Valuta` date NOT NULL default '0000-00-00',
  `Tipo_Pagamento` varchar(100) NOT NULL default '',
  `Entrate` decimal(8,2) NOT NULL default '0.00',
  `Uscite` decimal(8,2) NOT NULL default '0.00',
  `ID_Banca` varchar(12) NOT NULL default '',
  `Descrizione` text NOT NULL,
  `Id_Voce_Bilancio` tinyint(3) unsigned NOT NULL default '0',
  `Data_Competenza` date NOT NULL default '0000-00-00',
  `Deleted` char(1) NOT NULL default 'N',
  `ID_Admin` varchar(50) NOT NULL default '0',
  `Anno_Bilancio` varchar(4) NOT NULL default '',
  `data_inserimento` date NOT NULL default '0000-00-00',
  `data_modifica` date NOT NULL default '0000-00-00',
  PRIMARY KEY  (`ID_Movimento`)
) ENGINE=MyISAM  DEFAULT CHARSET=latin1 PACK_KEYS=1 AUTO_INCREMENT=1089 ;

-- 
-- Dump dei dati per la tabella `sd_movimenti`
-- 

INSERT INTO `sd_movimenti` (`ID_Movimento`, `ID_Soggetto`, `Data_Valuta`, `Tipo_Pagamento`, `Entrate`, `Uscite`, `ID_Banca`, `Descrizione`, `Id_Voce_Bilancio`, `Data_Competenza`, `Deleted`, `ID_Admin`, `Anno_Bilancio`, `data_inserimento`, `data_modifica`) VALUES 
(3, '65', '2006-05-22', 'Contanti', 0.00, 430.00, '2', 'Pagamento Maestri Platini Fabrizio Marzo/Aprile 2006', 2, '2006-05-22', 'N', '0', '2006', '2006-05-22', '2006-05-22'),
(4, '67', '2006-05-22', 'Contanti', 0.00, 240.00, '2', 'Pagamento Maestri DeAngelis Roberto 21/10/2005 - 24/03/2006', 2, '2006-05-22', 'N', '0', '2006', '2006-05-22', '2006-05-22'),
(5, '34', '2006-05-22', 'Contanti', 0.00, 253.50, '2', 'Pagamento Maestri Giuliani Roberto Marzo/Aprile 2006', 2, '2006-05-22', 'N', '0', '2006', '2006-05-22', '2006-05-22'),
(6, '69', '2006-05-22', 'Contanti', 0.00, 202.47, '2', 'Tesseramento Anbima 2006', 17, '2006-05-22', 'N', '0', '2006', '2006-05-22', '2006-05-22'),
(7, '72', '2006-03-16', 'Contanti', 0.00, 13.50, '2', 'Spese Postali Acquisto Francobolli a Vanni Marica', 3, '2006-03-16', 'N', '0', '2006', '2006-03-16', '2006-03-16'),
(8, '2', '2006-05-11', 'Contanti', 12.00, 0.00, '2', 'Tesseramento 2006 Contardi Giuseppe', 18, '2006-05-11', 'N', '0', '2006', '2006-05-11', '2006-05-11'),
(9, '3', '2006-05-11', 'Contanti', 12.00, 0.00, '2', 'Tesseramento 2006 Contardi Marisa', 18, '2006-05-11', 'N', '0', '2006', '2006-05-11', '2006-05-11'),
(10, '4', '2006-05-11', 'Contanti', 6.00, 0.00, '2', 'Tesseramento 2006 Cacciami Maria Teresa', 18, '2006-05-11', 'N', '0', '2006', '2006-05-11', '2006-05-11'),
(11, '5', '2006-05-17', 'Contanti', 500.00, 0.00, '2', 'Compenso Servizio di Gattinara', 22, '2006-05-17', 'N', '0', '2006', '2006-05-17', '2006-05-17'),
(12, '6', '2006-05-14', 'Contanti', 270.00, 0.00, '2', 'Compenso Servizio Piane di Serravalle Sesia', 22, '2006-05-14', 'N', '0', '2006', '2006-05-14', '2006-05-14'),
(13, '7', '2006-02-28', 'Assegno Bancario', 500.00, 0.00, '2', 'Servizio Carnevale Grignasco "Giubiacia" Assegno', 22, '2006-02-28', 'N', '0', '2006', '2006-02-28', '2006-02-28'),
(14, '8', '2006-05-22', 'Contanti', 70.00, 0.00, '2', 'Compenso Carnevale Ara Club Patacioi Ara', 22, '2006-05-22', 'N', '0', '2006', '2006-05-22', '2006-05-22'),
(15, '9', '2006-05-22', 'Contanti', 20.00, 0.00, '2', 'Tesseramento 2006 Famiglia Perazzi Federica, Massimo, Gianpiero', 18, '2006-05-22', 'N', '0', '2006', '2006-05-22', '2006-05-22'),
(16, '10', '2006-05-22', 'Contanti', 12.00, 0.00, '2', 'Tesseramento 2006 Famiglia Pozzi Vanni, Marica', 18, '2006-05-22', 'N', '0', '2006', '2006-05-22', '2006-05-22'),
(17, '11', '2006-05-22', 'Contanti', 12.00, 0.00, '2', 'Tesseramento 2006 Famiglia Da Paré Augusto, Ornella', 18, '2006-05-22', 'N', '0', '2006', '2006-05-22', '2006-05-22'),
(18, '12', '2006-04-24', 'Contanti', 20.00, 0.00, '2', 'Tesseramento 2006 Vinzio Claudia', 18, '2006-04-24', 'N', '0', '2006', '2006-04-24', '2006-04-24'),
(19, '13', '2006-04-24', 'Contanti', 10.00, 0.00, '2', 'Tesseramento 2006 Vinzio Vittorino', 18, '2006-04-24', 'N', '0', '2006', '2006-04-24', '2006-04-24'),
(20, '14', '2006-04-24', 'Contanti', 6.00, 0.00, '2', 'Tesseramento 2006 Vinzio Rag. Laura', 18, '2006-04-24', 'N', '0', '2006', '2006-04-24', '2006-04-24'),
(21, '15', '2006-04-24', 'Contanti', 10.00, 0.00, '2', 'Tesseramento 2006 Festa Bianchet Gianfranca', 18, '2006-04-24', 'N', '0', '2006', '2006-04-24', '2006-04-24'),
(22, '16', '2006-05-01', 'Contanti', 10.00, 0.00, '2', 'Tesseramento 2006 Borelli Michele', 18, '2006-05-01', 'N', '0', '2006', '2006-05-01', '2006-05-01'),
(23, '17', '2006-05-22', 'Contanti', 6.00, 0.00, '2', 'Tesseramento 2006 Franchi Carlo', 18, '2006-05-22', 'N', '0', '2006', '2006-05-22', '2006-05-22'),
(24, '18', '2006-05-22', 'Contanti', 6.00, 0.00, '2', 'Tesseramento 2006 Ventura', 18, '2006-05-22', 'N', '0', '2006', '2006-05-22', '2006-05-22'),
(25, '19', '2006-05-22', 'Contanti', 6.00, 0.00, '2', 'Tesseramento 2006 Fontaneto Marcello', 18, '2006-05-22', 'N', '0', '2006', '2006-05-22', '2006-05-22'),
(26, '20', '2006-05-26', 'Contanti', 10.00, 0.00, '2', ' Tesseramento 2006 Frascotti Giuliano ', 18, '2006-05-26', 'N', 'sergio.belli', '2006', '2006-05-26', '2006-05-26'),
(27, '21', '2006-05-26', 'Contanti', 20.00, 0.00, '2', ' Tesseramento 2006 Vinzio Ermanno ', 18, '2006-05-26', 'N', 'sergio.belli', '2006', '2006-05-26', '2006-05-26'),
(28, '22', '2006-03-31', 'Contanti', 10.00, 0.00, '2', '                             Scuola Allievi Lezione Marzo 2006 Di Lernia Giuseppe                         ', 20, '2006-03-31', 'N', 'sergio.belli', '2006', '2006-03-31', '2006-03-31'),
(29, '23', '2006-03-31', 'Contanti', 20.00, 0.00, '2', ' Scuola Allievi Lezione Marzo Agazzini Linda+Lorenzo ', 20, '2000-11-30', 'N', 'sergio.belli', '2006', '2000-11-30', '2000-11-30'),
(30, '24', '2006-04-30', 'Contanti', 20.00, 0.00, '2', ' Scuola Allievi Lezione Marzo/Aprile 2006 Pozzi Carlo ', 20, '2000-11-30', 'N', 'sergio.belli', '2006', '2000-11-30', '2000-11-30'),
(31, '25', '2006-03-31', 'Contanti', 20.00, 0.00, '2', ' Scuola Allievi Lezione Febbraio/Marzo 2006 Pagnoni Federico ', 20, '2000-11-30', 'N', 'sergio.belli', '2006', '2000-11-30', '2000-11-30'),
(32, '25', '2006-03-31', 'Contanti', 22.00, 0.00, '2', ' Scuola Allievi Strumento Febbraio/Marzo 2006 Pagnoni Federico ', 20, '2000-11-30', 'N', 'sergio.belli', '2006', '2000-11-30', '2000-11-30'),
(33, '26', '2006-02-28', 'Contanti', 10.00, 0.00, '2', '                             Scuola Allievi Lezione Febbraio Pontini Andrea                         ', 20, '2006-11-30', 'N', 'marica.regis', '2006', '2006-11-30', '2006-11-30'),
(34, '27', '2006-02-28', 'Contanti', 80.00, 0.00, '2', ' Scuola Allievi Lezione Novembre/Dicembre 2005 Gennaio/Febbraio 2006 Cascio Antonino+Annalisa ', 20, '2000-11-30', 'N', 'sergio.belli', '2006', '2000-11-30', '2000-11-30'),
(35, '28', '2006-03-31', 'Contanti', 10.00, 0.00, '2', ' Scuola Allievi Lezione Marzo 2006 Squaratti Paolo ', 20, '2000-11-30', 'N', 'sergio.belli', '2006', '2000-11-30', '2000-11-30'),
(36, '28', '2006-03-31', 'Contanti', 11.00, 0.00, '2', ' Scuola Allievi Strumento Marzo 2006 Squaratti Paolo ', 20, '2000-11-30', 'N', 'sergio.belli', '2006', '2000-11-30', '2000-11-30'),
(37, '29', '2006-03-31', 'Contanti', 20.00, 0.00, '2', ' Scuola Allievi Lezione Febbraio/Marzo 2006 Aprile Mauro ', 20, '2000-11-30', 'N', 'sergio.belli', '2006', '2000-11-30', '2000-11-30'),
(38, '29', '2006-03-31', 'Contanti', 22.00, 0.00, '2', ' Scuola Allievi Strumento Febbraio/Marzo 2006 Aprile Mauro ', 20, '2000-11-30', 'N', 'sergio.belli', '2006', '2000-11-30', '2000-11-30'),
(39, '30', '2006-05-22', 'Contanti', 39.00, 0.00, '2', 'Oblazione Sergio Belli', 18, '2006-05-22', 'N', '0', '2006', '2006-05-22', '2006-05-22'),
(40, '31', '2006-05-22', 'Contanti', 13.00, 0.00, '2', 'Oblazione Mischiatti Dino', 18, '2006-05-22', 'N', '0', '2006', '2006-05-22', '2006-05-22'),
(41, '32', '2006-05-22', 'Contanti', 16.00, 0.00, '2', 'Oblazione Pezzolato Luca', 18, '2006-05-22', 'N', '0', '2006', '2006-05-22', '2006-05-22'),
(42, '33', '2006-05-22', 'Contanti', 32.00, 0.00, '2', 'Ritorno Cassa', 1, '2006-05-22', 'N', '0', '2006', '2006-05-22', '2006-05-22'),
(43, '34', '2006-05-26', 'Contanti', 12.92, 0.00, '2', 'Oblazione Giuliani Roberto', 18, '2006-05-26', 'N', '0', '2006', '2006-05-26', '2006-05-26'),
(44, '34', '2006-05-26', 'Contanti', 26.00, 0.00, '2', ' Rettifica Retribuzione Aprile/Maggio 2006 Giuliani Roberto ', 1, '2000-11-30', 'N', 'sergio.belli', '2006', '2000-11-30', '2000-11-30'),
(45, '35', '2006-05-26', 'Contanti', 6.00, 0.00, '2', 'Tesseramento 2006 Aleppo Athos', 18, '2006-05-26', 'N', '0', '2006', '2006-05-26', '2006-05-26'),
(46, '36', '2006-05-26', 'Contanti', 10.00, 0.00, '2', 'Tesseramento 2006 Baglioni Angelo', 18, '2006-05-26', 'N', '0', '2006', '2006-05-26', '2006-05-26'),
(47, '37', '2006-05-26', 'Contanti', 6.00, 0.00, '2', 'Tesseramento 2006 Balzarini Ernesto', 18, '2006-05-26', 'N', '0', '2006', '2006-05-26', '2006-05-26'),
(48, '38', '2006-05-26', 'Contanti', 6.00, 0.00, '2', 'Tesseramento 2006 Borgato Giuliano', 18, '2006-05-26', 'N', '0', '2006', '2006-05-26', '2006-05-26'),
(49, '39', '2006-05-26', 'Contanti', 10.00, 0.00, '2', 'Tesseramento 2006 Canobio Giuseppe', 18, '2006-05-26', 'N', '0', '2006', '2006-05-26', '2006-05-26'),
(50, '40', '2006-05-26', 'Contanti', 10.00, 0.00, '2', 'Tesseramento 2006 Del Villani Luigi', 18, '2006-05-26', 'N', '0', '2006', '2006-05-26', '2006-05-26'),
(51, '41', '2006-05-26', 'Contanti', 10.00, 0.00, '2', 'Tesseramento 2006 Franzosi Luciano', 18, '2006-05-26', 'N', '0', '2006', '2006-05-26', '2006-05-26'),
(52, '42', '2006-05-26', 'Contanti', 10.00, 0.00, '2', 'Tesseramento 2006 Giordani Elio', 18, '2006-05-26', 'N', '0', '2006', '2006-05-26', '2006-05-26'),
(53, '43', '2006-05-26', 'Contanti', 10.00, 0.00, '2', 'Tesseramento 2006 Gobbi Angelo', 18, '2006-05-26', 'N', '0', '2006', '2006-05-26', '2006-05-26'),
(54, '44', '2006-05-26', 'Contanti', 15.00, 0.00, '2', 'Tesseramento 2006 Molli Luigi', 18, '2006-05-26', 'N', '0', '2006', '2006-05-26', '2006-05-26'),
(55, '45', '2006-05-26', 'Contanti', 10.00, 0.00, '2', 'Tesseramento 2006 Negri Renato', 18, '2006-05-26', 'N', '0', '2006', '2006-05-26', '2006-05-26'),
(56, '46', '2006-05-26', 'Contanti', 6.00, 0.00, '2', 'Tesseramento 2006 Nobile Piera', 18, '2006-05-26', 'N', '0', '2006', '2006-05-26', '2006-05-26'),
(57, '47', '2006-05-26', 'Contanti', 6.00, 0.00, '2', 'Tesseramento 2006 Rabaglio Giovanni', 18, '2006-05-26', 'N', '0', '2006', '2006-05-26', '2006-05-26'),
(58, '48', '2006-05-26', 'Contanti', 10.00, 0.00, '2', 'Tesseramento 2006 Stefani Davide', 18, '2006-05-26', 'N', '0', '2006', '2006-05-26', '2006-05-26'),
(59, '49', '2006-05-26', 'Contanti', 10.00, 0.00, '2', 'Tesseramento 2006 Teraroli Gianni', 18, '2006-05-26', 'N', '0', '2006', '2006-05-26', '2006-05-26'),
(60, '50', '2006-05-26', 'Contanti', 10.00, 0.00, '2', 'Tesseramento 2006 Valsesia Valentino', 18, '2006-05-26', 'N', '0', '2006', '2006-05-26', '2006-05-26'),
(61, '51', '2006-05-26', 'Contanti', 10.00, 0.00, '2', 'Tesseramento 2006 Vinzio Fernando', 18, '2006-05-26', 'N', '0', '2006', '2006-05-26', '2006-05-26'),
(62, '52', '2006-05-26', 'Contanti', 10.00, 0.00, '2', 'Tesseramento 2006 Mora Gaudenzio', 18, '2006-05-26', 'N', '0', '2006', '2006-05-26', '2006-05-26'),
(63, '53', '2006-05-26', 'Contanti', 10.00, 0.00, '2', 'Tesseramento 2006 Mora Flora', 18, '2006-05-02', 'N', '0', '2006', '2006-05-02', '2006-05-02'),
(64, '54', '2006-05-26', 'Contanti', 10.00, 0.00, '2', 'Tesseramento 2006 Martinetti Ugo', 18, '2006-05-26', 'N', '0', '2006', '2006-05-26', '2006-05-26'),
(65, '22', '2006-05-30', 'Contanti', 10.00, 0.00, '2', '   Scuola Allievi Lezione Febbraio 2006 Di Lernia Giuseppe    ', 20, '2000-11-30', 'N', 'andrea.baron', '2006', '2000-11-30', '2000-11-30'),
(66, '23', '2006-05-30', 'Contanti', 20.00, 0.00, '2', ' Scuola Allievi Lezione Febbraio 2006 ', 20, '2000-11-30', 'N', 'sergio.belli', '2006', '2000-11-30', '2000-11-30'),
(67, '55', '2006-05-30', 'Contanti', 20.00, 0.00, '2', ' Scuola Allievi Lezione Febbraio/Marzo 2006 Moretti Eleonora ', 20, '2000-11-30', 'N', 'sergio.belli', '2006', '2000-11-30', '2000-11-30'),
(68, '56', '2006-05-30', 'Contanti', 20.00, 0.00, '2', '   Scuola Allievi Lezione Febbraio/Marzo 2006 Mancin Gabriele    ', 20, '2006-05-30', 'N', 'sergio.belli', '2006', '2006-05-30', '2006-05-30'),
(69, '57', '2006-05-30', 'Contanti', 10.00, 0.00, '2', ' Scuola Allievi Lezione Febbraio 2006 Magistrini Giacomo ', 20, '2000-11-30', 'N', 'sergio.belli', '2006', '2000-11-30', '2000-11-30'),
(70, '28', '2006-05-30', 'Contanti', 21.00, 0.00, '2', ' Scuola Allievi Lezione + Strumento Febbraio 2006 Squaratti Paolo ', 20, '2000-11-30', 'N', 'sergio.belli', '2006', '2000-11-30', '2000-11-30'),
(71, '58', '2006-05-30', 'Contanti', 40.00, 0.00, '2', ' Scuola Allievi Lezione Febbraio/Marzo/Aprile/Maggio 2006 Schizzerato Leonardo ', 20, '2000-11-30', 'N', 'sergio.belli', '2006', '2000-11-30', '2000-11-30'),
(72, '59', '2006-05-29', 'Contanti', 240.00, 0.00, '2', ' Rimborso Spese Anpi Sezione Grignasco ', 22, '2006-05-29', 'N', 'sergio.belli', '2006', '2006-05-29', '2006-05-29'),
(73, '60', '2006-05-30', 'Contanti', 4.92, 0.00, '2', '  Oblazione Velatta Laura   ', 18, '2000-11-30', 'N', 'sergio.belli', '2006', '2000-11-30', '2000-11-30'),
(74, '61', '2006-05-27', 'Contanti', 1050.00, 0.00, '2', ' Rimborso doppio Servizio presso Rovasenda per Festa patronale. Concerto 700 euro Processione 350 euro ', 22, '2006-05-27', 'N', 'sergio.belli', '2006', '2006-05-27', '2006-05-27'),
(75, '62', '2006-06-08', 'Assegno Bancario', 350.00, 0.00, '3', ' Rimborso Processione Rovasenda 21/05/2006 Assegno versato il 30/05/2006 ', 22, '2006-05-30', 'N', 'sergio.belli', '2006', '2006-05-30', '2006-05-30'),
(76, '63', '2006-01-01', 'Contanti', 753.73, 0.00, '2', 'Saldo Cassa a passaggio consegne', 0, '2006-01-01', 'Y', '0', '2006', '2006-01-01', '2006-01-01'),
(77, '71', '2006-06-03', 'Contanti', 0.00, 20.00, '2', ' Rimborso spese per acquisto fiori a Barlassina Patrizia ', 1, '2006-06-03', 'N', 'sergio.belli', '2006', '2006-06-03', '2006-06-03'),
(78, '72', '2006-06-01', 'Contanti', 0.00, 8.60, '2', ' Rimborso spese per acquisto francobolli e spedizione raccomandata a Vanni Marica ', 3, '2006-06-01', 'N', 'sergio.belli', '2006', '2006-06-01', '2006-06-01'),
(79, '66', '2006-06-03', 'Contanti', 0.00, 48.00, '2', ' Rimborso spese per acquisto paste a Borelli Ezio ', 1, '2006-06-03', 'N', 'sergio.belli', '2006', '2006-06-03', '2006-06-03'),
(80, '72', '2006-06-03', 'Contanti', 0.00, 22.61, '2', ' Rimborso spese per acquisto generi alimentari per rinfresco a Vanni Marica ', 1, '2006-06-03', 'N', 'sergio.belli', '2006', '2006-06-03', '2006-06-03'),
(81, '212', '2006-06-03', 'Contanti', 0.00, 50.00, '2', '                              Rimborso spese per acquisto tranci di pizza (a Vanni Marica)                           ', 13, '2006-06-03', 'N', 'sergio.belli', '2006', '2006-06-03', '2006-06-03'),
(92, '67', '2006-10-04', 'Assegno Bancario', 0.00, 100.00, '1', 'qeqweqwewqeqwe', 7, '2006-10-04', 'Y', '0', '2006', '2006-10-04', '2006-10-04'),
(93, '69', '2006-10-04', 'Bonifico Bancario', 0.00, 201.00, '3', 'asasasaaassaassaas', 13, '2000-01-01', 'Y', '0', '2006', '2000-01-01', '2000-01-01'),
(94, '59', '2006-10-04', 'Carta di Credito', 301.00, 0.00, '1', 'wewewqerwqerwre', 14, '2006-10-04', 'Y', 'sergio.belli', '2006', '2006-10-04', '2006-10-04'),
(95, '35', '2006-10-04', 'Ricevuta Bancaria', 404.00, 0.00, '1', 'adsdsddssd', 14, '2000-01-01', 'Y', 'andrea.baron', '2006', '2000-01-01', '2000-01-01'),
(96, '', '2006-10-05', 'Bonifico Bancario', 10.00, 0.00, '1', 'dfsdfsdfd', 23, '2006-10-05', 'Y', 'sergio.belli', '2006', '2006-10-05', '2006-10-05'),
(97, '35', '2006-10-05', 'Bonifico Bancario', 0.00, 11.00, '1', '', 23, '2006-10-05', 'Y', 'sergio.belli', '2006', '2006-10-05', '2006-10-05'),
(98, '35', '2006-10-05', 'Bonifico Bancario', 0.00, 12.00, '1', '', 7, '2006-10-05', 'Y', 'sergio.belli', '2006', '2006-10-05', '2006-10-05'),
(99, '64', '2006-10-05', 'Bonifico Bancario', 1.00, 0.00, '1', 'xxx', 1, '2006-10-05', 'Y', 'sergio.belli', '2006', '2006-10-05', '2006-10-05'),
(100, '64', '2006-10-05', 'Assegno Circolare', 2.00, 0.00, '2', 'xxx', 0, '2000-01-01', 'Y', 'sergio.belli', '2006', '2000-01-01', '2000-01-01'),
(101, '49', '2006-10-05', 'Bonifico Bancario', 0.00, 2002.00, '2', 'fdfffg    sdsdsdddfs', 1, '2006-10-05', 'Y', 'sergio.belli', '2006', '2006-10-05', '2006-10-05'),
(102, '35', '2006-10-05', 'Bonifico Bancario', 3000.00, 0.00, '1', '', 18, '2006-10-05', 'Y', 'sergio.belli', '2006', '2006-10-05', '2006-10-05'),
(103, '35', '2006-10-05', 'Bonifico Bancario', 3000.00, 0.00, '1', '', 18, '2006-10-05', 'Y', 'sergio.belli', '2006', '2006-10-05', '2006-10-05'),
(104, '35', '2006-10-05', 'Bonifico Bancario', 123.00, 0.00, '1', 'aasaasaasaas ', 1, '2006-10-05', 'Y', 'sergio.belli', '2006', '2006-10-05', '2006-10-05'),
(105, '64', '2006-10-05', 'Bonifico Bancario', 10.00, 0.00, '1', 'gfgffffg ', 8, '2006-10-05', 'Y', 'sergio.belli', '2006', '2006-10-05', '2006-10-05'),
(106, '76', '2006-07-22', 'Carta di Credito', 10.00, 0.00, '2', 'Oblazione Geroso Simone', 18, '2006-07-22', 'N', 'sergio.belli', '2006', '2006-07-22', '2006-07-22'),
(107, '77', '2006-07-22', 'Contanti', 67.00, 0.00, '2', 'Oblazione Quarna Claudio', 18, '2006-07-22', 'N', 'sergio.belli', '2006', '2006-07-22', '2006-07-22'),
(108, '78', '2006-07-22', 'Contanti', 25.00, 0.00, '2', 'Oblazione Calligaris Franco', 18, '2006-07-22', 'N', 'sergio.belli', '2006', '2006-07-22', '2006-07-22'),
(109, '79', '2006-07-22', 'Contanti', 25.00, 0.00, '2', 'Oblazione Flauto Romagnano', 18, '2006-07-22', 'N', 'sergio.belli', '2006', '2006-07-22', '2006-07-22'),
(110, '81', '2006-07-22', 'Contanti', 100.00, 0.00, '2', '  Oblazione Giustina Vanda in memoria di Giustina Florindo ', 18, '2006-07-22', 'N', 'sergio.belli', '2006', '2006-07-22', '2006-07-22'),
(111, '80', '2006-07-22', 'Contanti', 25.00, 0.00, '2', 'Oblazione Poli figlio', 18, '2006-07-22', 'N', 'sergio.belli', '2006', '2006-07-22', '2006-07-22'),
(112, '82', '2006-07-22', 'Contanti', 300.00, 0.00, '2', 'Servizio a Zuccaro', 22, '2006-07-22', 'N', 'sergio.belli', '2006', '2006-07-22', '2006-07-22'),
(113, '83', '2006-07-22', 'Assegno Bancario', 1000.00, 0.00, '3', 'Contributo Comune Grignasco anno 2006', 19, '2006-07-22', 'N', 'sergio.belli', '2006', '2006-07-22', '2006-07-22'),
(114, '210', '2006-07-22', 'Contanti', 433.83, 0.00, '2', ' Concerto Estivo. Offerta ricevuta ', 22, '2006-07-22', 'N', 'sergio.belli', '2006', '2006-07-22', '2006-07-22'),
(115, '84', '2006-07-22', 'Assegno Bancario', 0.00, 1222.00, '3', '   Compenso Gennaio/Giugno 2006 Negri Gilberto   . ASSEGNO NR 3126252629 ', 2, '2006-07-22', 'N', 'sergio.belli', '2006', '2006-07-22', '2006-07-22'),
(116, '65', '2006-07-22', 'Contanti', 0.00, 534.00, '2', '  Compenso Maggio/Giugno 2006 Platini Fabrizio. Concerti Rovasenda.   ', 2, '2006-07-22', 'N', 'sergio.belli', '2006', '2006-07-22', '2006-07-22'),
(117, '85', '2006-07-22', 'Contanti', 0.00, 80.00, '2', 'Acquisto toner', 12, '2006-07-22', 'N', 'sergio.belli', '2006', '2006-07-22', '2006-07-22'),
(118, '86', '2006-07-22', 'Contanti', 0.00, 49.00, '2', ' Acquisto cellulare ', 31, '2006-07-22', 'N', 'sergio.belli', '2006', '2006-07-22', '2006-07-22'),
(119, '86', '2006-07-22', 'Contanti', 0.00, 50.00, '2', ' Ricarica cellulare ', 31, '2006-07-22', 'N', 'sergio.belli', '2006', '2006-07-22', '2006-07-22'),
(120, '87', '2006-07-22', 'Contanti', 0.00, 75.00, '2', 'Rimborso Mosca Francesca', 27, '2006-07-22', 'N', 'sergio.belli', '2006', '2006-07-22', '2006-07-22'),
(121, '88', '2006-07-22', 'Contanti', 0.00, 80.00, '2', 'Rimborso Grigolon', 27, '2006-07-22', 'N', 'sergio.belli', '2006', '2006-07-22', '2006-07-22'),
(122, '89', '2006-07-22', 'Contanti', 0.00, 25.00, '2', 'Rimborso Domenico', 27, '2006-07-22', 'N', 'sergio.belli', '2006', '2006-07-22', '2006-07-22'),
(123, '90', '2006-07-22', 'Contanti', 0.00, 45.00, '2', 'Rimborso Sandra', 27, '2006-07-22', 'N', 'sergio.belli', '2006', '2006-07-22', '2006-07-22'),
(124, '65', '2006-09-06', 'Contanti', 0.00, 482.00, '2', '  Compenso Luglio/Agosto 2006 Platini Fabrizio    430 + concerto luglio euro 52   ', 2, '2006-09-06', 'N', 'sergio.belli', '2006', '2006-09-06', '2006-09-06'),
(125, '91', '2006-10-06', 'Contanti', 0.00, 45.00, '2', 'Rimborso Farassino', 27, '2006-10-06', 'N', 'sergio.belli', '2006', '2006-10-06', '2006-10-06'),
(126, '92', '2006-10-06', 'Contanti', 0.00, 45.00, '2', 'Rimborso nipote Farassino', 27, '2006-10-06', 'N', 'sergio.belli', '2006', '2006-10-06', '2006-10-06'),
(127, '93', '2006-10-06', 'Contanti', 0.00, 45.00, '2', 'Rimborso Roberto', 27, '2006-10-06', 'N', 'sergio.belli', '2006', '2006-10-06', '2006-10-06'),
(128, '94', '2006-10-06', 'Contanti', 0.00, 25.00, '2', 'Rimborso Cappone Marcello', 27, '2006-10-06', 'N', 'sergio.belli', '2006', '2006-10-06', '2006-10-06'),
(129, '95', '2006-10-06', 'Contanti', 0.00, 25.00, '2', 'Rimborso clarinetto basso', 27, '2006-10-06', 'N', 'sergio.belli', '2006', '2006-10-06', '2006-10-06'),
(130, '96', '2006-10-06', 'Contanti', 0.00, 25.00, '2', 'Rimborso Sogno Paola', 27, '2006-10-06', 'N', 'sergio.belli', '2006', '2006-10-06', '2006-10-06'),
(131, '97', '2006-10-06', 'Contanti', 0.00, 30.00, '2', 'Rimborso Cosimo', 27, '2006-10-06', 'N', 'sergio.belli', '2006', '2006-10-06', '2006-10-06'),
(132, '98', '2006-10-06', 'Contanti', 0.00, 25.00, '2', 'Rimborso Wilmo', 27, '2006-10-06', 'N', 'sergio.belli', '2006', '2006-10-06', '2006-10-06'),
(133, '99', '2006-10-06', 'Contanti', 0.00, 25.00, '2', 'Rimborso Bertolino', 27, '2006-10-06', 'N', 'sergio.belli', '2006', '2006-10-06', '2006-10-06'),
(134, '100', '2006-10-06', 'Contanti', 0.00, 25.00, '2', 'Rimborso Pavan Chiara', 27, '2006-10-06', 'N', 'sergio.belli', '2006', '2006-10-06', '2006-10-06'),
(135, '101', '2006-10-06', 'Contanti', 0.00, 30.00, '2', 'Rimborso Canella', 27, '2006-10-06', 'N', 'sergio.belli', '2006', '2006-10-06', '2006-10-06'),
(136, '102', '2006-10-06', 'Contanti', 0.00, 75.00, '2', 'Rimborso clarinetto invorio', 27, '2006-10-06', 'N', 'sergio.belli', '2006', '2006-10-06', '2006-10-06'),
(137, '232', '2006-07-22', 'Contanti', 0.00, 4.80, '2', '    Spese per acqua prove. ', 13, '2006-07-17', 'N', 'sergio.belli', '2006', '2006-07-17', '2006-07-17'),
(138, '72', '2006-10-06', 'Contanti', 0.00, 41.62, '2', '  Rimborso a Marica.    per rinfresco . ', 13, '2006-10-06', 'N', 'sergio.belli', '2006', '2006-10-06', '2006-10-06'),
(139, '104', '2006-07-22', 'Contanti', 450.00, 0.00, '2', ' Servizio festa alpini a Pray ', 22, '2006-06-11', 'N', 'sergio.belli', '2006', '2006-06-11', '2006-06-11'),
(140, '103', '2006-01-14', 'Contanti', 0.00, 44.12, '2', '   Acquisto n° 3 marche da bollo. Autentica ', 3, '2006-01-14', 'N', 'sergio.belli', '2006', '2006-01-14', '2006-01-14'),
(141, '103', '2006-01-14', 'Contanti', 0.00, 43.86, '2', 'Acquisto n° 3 marche da bollo', 1, '2006-01-14', 'Y', 'sergio.belli', '2006', '2006-01-14', '2006-01-14'),
(142, '103', '2006-01-14', 'Contanti', 0.00, 43.86, '2', 'Acquisto n° 3 marche da bollo', 1, '2006-01-14', 'Y', 'sergio.belli', '2006', '2006-01-14', '2006-01-14'),
(143, '30', '2006-01-18', 'Contanti', 0.00, 4.50, '2', ' Raccomandata  Ministero ', 3, '2006-01-18', 'N', 'andrea.baron', '2006', '2006-01-18', '2006-01-18'),
(144, '30', '2006-02-04', 'Contanti', 0.00, 230.00, '2', '   Premio Lotteria Santa Cecilia 2005.    Buono pasto Osteria Sottovoce   ', 29, '2006-02-04', 'N', 'andrea.baron', '2006', '2006-02-04', '2006-02-04'),
(145, '34', '2006-02-04', 'Contanti', 0.00, 110.50, '2', ' Rimborso Giuliani Roberto. Dicembre 2005/Gennaio 2006  ', 2, '2006-02-04', 'N', 'sergio.belli', '2006', '2006-02-04', '2006-02-04'),
(146, '116', '2006-02-06', 'Contanti', 0.00, 35.00, '2', '  Casella Postale   ', 3, '2006-02-06', 'N', 'sergio.belli', '2006', '2006-02-06', '2006-02-06'),
(147, '115', '2006-02-13', 'Contanti', 0.00, 55.00, '2', '  Acquisto cancelleria presso Isola che non c''è.   ', 12, '2006-02-13', 'N', 'sergio.belli', '2006', '2006-02-13', '2006-02-13'),
(148, '34', '2006-03-31', 'Contanti', 0.00, 156.00, '2', 'Rimborso Giuliani Roberto', 2, '2006-03-31', 'N', 'sergio.belli', '2006', '2006-03-31', '2006-03-31'),
(149, '103', '2006-01-01', 'Contanti', 579.41, 0.00, '2', '   Saldo iniziale    ', 32, '2005-12-31', 'N', 'sergio.belli', '2006', '2005-12-31', '2005-12-31'),
(150, '106', '2006-01-07', 'Contanti', 100.00, 0.00, '2', '  Oblazione Luciana e Rosanna Negri   ', 18, '2006-01-07', 'N', 'sergio.belli', '2006', '2006-01-07', '2006-01-07'),
(151, '107', '2006-01-07', 'Contanti', 100.00, 0.00, '2', 'Oblazione Fam. Lana', 18, '2006-01-07', 'N', 'sergio.belli', '2006', '2006-01-07', '2006-01-07'),
(152, '28', '2006-01-31', 'Contanti', 42.00, 0.00, '2', 'Squaratti Paolo. Mesi Dicembre 2005 / Gennaio 2006', 20, '2006-01-31', 'N', 'sergio.belli', '2006', '2006-01-31', '2006-01-31'),
(153, '56', '2006-01-31', 'Contanti', 20.00, 0.00, '2', '  Scuola Allievi Lezione Dicembre 2005/Gennaio 2006 Mancin Gabriele   ', 20, '2006-01-31', 'N', 'sergio.belli', '2006', '2006-01-31', '2006-01-31'),
(154, '108', '2006-01-22', 'Contanti', 100.00, 0.00, '2', '  Oblazione Navazza Giovanni    ', 18, '2006-01-22', 'N', 'sergio.belli', '2006', '2006-01-22', '2006-01-22'),
(155, '109', '2006-02-08', 'Contanti', 50.00, 0.00, '2', 'Oblazione Nobile Milena', 18, '2006-02-08', 'N', 'sergio.belli', '2006', '2006-02-08', '2006-02-08'),
(156, '110', '2006-02-05', 'Contanti', 240.00, 0.00, '2', '   Ara Sant''Agata    ', 22, '2006-02-05', 'N', 'sergio.belli', '2006', '2006-02-05', '2006-02-05'),
(157, '111', '2006-02-19', 'Contanti', 150.00, 0.00, '2', '  Carnevale Zuccaro   ', 22, '2006-02-19', 'N', 'sergio.belli', '2006', '2006-02-19', '2006-02-19'),
(158, '112', '2006-02-28', 'Contanti', 500.00, 0.00, '2', '  Carnevale Valduggia   ', 22, '2006-02-28', 'N', 'sergio.belli', '2006', '2006-02-28', '2006-02-28'),
(159, '113', '2006-03-05', 'Contanti', 270.00, 0.00, '2', '  Carnevale Lebbia   ', 22, '2006-03-05', 'N', 'sergio.belli', '2006', '2006-03-05', '2006-03-05'),
(160, '103', '2006-03-03', 'Contanti', 194.00, 0.00, '2', 'Allievi (ric. Ornella)', 20, '2006-03-03', 'N', 'sergio.belli', '2006', '2006-03-03', '2006-03-03'),
(161, '103', '2006-10-07', 'Bonifico Bancario', 0.00, 221133.00, '1', ' vcvcvccvcvcvcv   ccgcvvc  ', 1, '2006-10-07', 'Y', 'sergio.belli', '2006', '2006-10-07', '2006-10-07'),
(162, '117', '2006-06-03', 'Contanti', 0.00, 45.00, '2', '  Rimborso De Paolis   ', 27, '2006-06-03', 'N', 'sergio.belli', '2006', '2006-06-03', '2006-06-03'),
(163, '118', '2006-06-03', 'Contanti', 0.00, 25.00, '2', 'Rimborso Rondi', 27, '2006-06-03', 'N', 'sergio.belli', '2006', '2006-06-03', '2006-06-03'),
(164, '120', '2006-06-03', 'Contanti', 0.00, 50.00, '2', ' Rimborso Vaudano Andrea', 27, '2006-06-03', 'N', 'sergio.belli', '2006', '2006-06-03', '2006-06-03'),
(165, '97', '2006-06-03', 'Contanti', 0.00, 60.00, '2', ' Rimborso Cosimo', 27, '2006-06-03', 'N', 'sergio.belli', '2006', '2006-06-03', '2006-06-03'),
(166, '121', '2006-06-03', 'Contanti', 0.00, 30.00, '2', ' Rimborso Erbetta', 27, '2006-06-03', 'N', 'sergio.belli', '2006', '2006-06-03', '2006-06-03'),
(167, '122', '2006-06-03', 'Contanti', 0.00, 45.00, '2', ' Rimborso Poli', 27, '2006-06-03', 'N', 'sergio.belli', '2006', '2006-06-03', '2006-06-03'),
(168, '123', '2006-06-03', 'Contanti', 0.00, 30.00, '2', ' Rimborso Canclini', 27, '2006-06-03', 'N', 'sergio.belli', '2006', '2006-06-03', '2006-06-03'),
(169, '124', '2006-06-03', 'Contanti', 0.00, 100.00, '2', ' Rimborso Giletti', 27, '2006-06-03', 'N', 'sergio.belli', '2006', '2006-06-03', '2006-06-03'),
(170, '96', '2006-06-03', 'Contanti', 0.00, 30.00, '2', ' Rimborso Sogno Paola', 27, '2006-06-03', 'N', 'sergio.belli', '2006', '2006-06-03', '2006-06-03'),
(171, '125', '2006-06-03', 'Contanti', 0.00, 50.00, '2', '  Rimborso Alessio ghemme bombardino    ', 7, '2006-06-03', 'N', 'sergio.belli', '2006', '2006-06-03', '2006-06-03'),
(172, '79', '2006-06-03', 'Contanti', 0.00, 25.00, '2', ' Rimborso Flauto Romagnano ????', 27, '2006-06-03', 'N', 'sergio.belli', '2006', '2006-06-03', '2006-06-03'),
(173, '87', '2006-06-03', 'Contanti', 0.00, 50.00, '2', ' Rimborso Mosca Francesca', 27, '2006-06-03', 'N', 'sergio.belli', '2006', '2006-06-03', '2006-06-03'),
(174, '127', '2006-06-03', 'Contanti', 0.00, 30.00, '2', ' Rimborso Mattia ????', 27, '2006-06-03', 'N', 'sergio.belli', '2006', '2006-06-03', '2006-06-03'),
(175, '60', '2006-06-01', 'Contanti', 4.00, 0.00, '2', ' Oblazione Velatta Laura  ', 18, '2006-06-01', 'Y', 'sergio.belli', '2006', '2006-06-01', '2006-06-01'),
(176, '83', '2006-07-12', 'Contanti', 0.00, 95.20, '2', 'Imposta Comunale sulla Pubblicità', 14, '2006-07-12', 'N', 'sergio.belli', '2006', '2006-07-12', '2006-07-12'),
(177, '129', '2006-06-19', 'Bonifico Bancario', 0.00, 31.18, '3', 'Bolletta enel bimestre aprile/maggio 2006', 9, '2006-06-19', 'N', 'sergio.belli', '2006', '2006-06-19', '2006-06-19'),
(178, '130', '2006-03-31', 'Bonifico Bancario', 0.00, 26.93, '3', '   Competenze Banca Intesa   ', 15, '2006-04-06', 'N', 'sergio.belli', '2006', '2006-04-06', '2006-04-06'),
(179, '130', '2006-03-31', 'Bonifico Bancario', 0.00, 2.80, '3', ' Commissione invio documenti', 15, '2006-04-06', 'N', 'sergio.belli', '2006', '2006-04-06', '2006-04-06'),
(180, '130', '2006-03-31', 'Bonifico Bancario', 0.00, 18.45, '3', ' Imposta di bollo su conto corrente', 15, '2006-04-06', 'N', 'sergio.belli', '2006', '2006-04-06', '2006-04-06'),
(181, '129', '2006-04-19', 'Bonifico Bancario', 0.00, 33.34, '3', '  Pagamento enel.', 9, '2006-04-19', 'N', 'sergio.belli', '2006', '2006-04-19', '2006-04-19'),
(182, '242', '2006-04-10', 'Bonifico Bancario', 0.00, 2400.00, '3', ' Acquisto Basso . Assegno n° = 3126252628  ', 5, '2006-04-12', 'N', 'sergio.belli', '2006', '2006-04-12', '2006-04-12'),
(183, '83', '2006-06-14', 'Bonifico Bancario', 1500.00, 0.00, '3', ' Bonifico ricevuto da "Comuine di Grignasco" a favore di Musica Società Operaia "del 12/06/2006" mandato 784 - Compenso banda soms per servizi 2005', 19, '2006-06-13', 'N', 'sergio.belli', '2006', '2006-06-13', '2006-06-13'),
(184, '131', '2006-06-14', 'Bonifico Bancario', 807.00, 0.00, '3', 'Servizio Prato Sesia. Bonifico ricevuto da comune di prato sesia a favore di musica società operaia   ', 22, '2006-06-08', 'N', 'sergio.belli', '2006', '2006-06-08', '2006-06-08'),
(185, '132', '2006-05-20', 'Bonifico Bancario', 796.05, 0.00, '3', '  Servizio Novara 2 giugno 2005. Bonifico ricevuto da comune di novara  ', 22, '2006-05-01', 'N', 'sergio.belli', '2006', '2006-05-01', '2006-05-01'),
(186, '114', '2006-10-07', 'Bonifico Bancario', 40000.00, 0.00, '1', '   zzzzzzzzzzzz   aaaaaaaaaaaa   ', 1, '2006-10-07', 'Y', 'andrea.baron', '2006', '2006-10-07', '2006-10-07'),
(187, '30', '2006-03-30', 'Versamento Contanti', 2000.00, 0.00, '3', '  Movimento da Cassa a Banca   ', 28, '2006-03-30', 'N', 'andrea.baron', '2006', '2006-03-30', '2006-03-30'),
(188, '30', '2006-03-30', 'Contanti', 0.00, 2000.00, '2', '   Movimento da Cassa a Banca  ', 28, '2006-03-30', 'N', 'andrea.baron', '2006', '2006-03-30', '2006-03-30'),
(189, '134', '2006-09-12', 'Contanti', 200.00, 0.00, '2', '    Vendita n° 2 metallofoni ', 30, '2006-09-12', 'N', 'andrea.baron', '2006', '2006-09-12', '2006-09-12'),
(190, '135', '2006-08-06', 'Contanti', 300.00, 0.00, '2', '  compenso per servizio valpiana 2006     ', 22, '2006-08-06', 'N', 'andrea.baron', '2006', '2006-08-06', '2006-08-06'),
(191, '136', '2006-08-15', 'Contanti', 200.00, 0.00, '2', '    rimborso spese servizio festa patronale 2006   ', 22, '2006-08-15', 'N', 'andrea.baron', '2006', '2006-08-15', '2006-08-15'),
(192, '137', '2006-08-16', 'Contanti', 240.00, 0.00, '2', '  rimborso servizio san rocco 2006 ', 22, '2006-08-16', 'N', 'andrea.baron', '2006', '2006-08-16', '2006-08-16'),
(193, '138', '2006-09-08', 'Contanti', 240.00, 0.00, '2', ' rimborso servizio Bovagliano 2006    ', 22, '2006-09-08', 'N', 'andrea.baron', '2006', '2006-09-08', '2006-09-08'),
(194, '139', '2006-10-06', 'Assegno Bancario', 300.00, 0.00, '3', '   rimborso servizio Rastiglione 2006    ', 22, '2006-10-06', 'N', 'andrea.baron', '2006', '2006-10-06', '2006-10-06'),
(195, '86', '2006-08-29', 'Contanti', 0.00, 100.00, '2', '    ricarica cellulare vodafone     ', 31, '2006-08-29', 'N', 'sergio.belli', '2006', '2006-08-29', '2006-08-29'),
(196, '137', '2006-08-16', 'Contanti', 0.00, 50.00, '2', ' acquisto pancetta festa di S rocco  ', 13, '2006-08-16', 'N', 'andrea.baron', '2006', '2006-08-16', '2006-08-16'),
(197, '115', '2006-09-12', 'Contanti', 0.00, 49.50, '2', ' acquisto carta A3 ', 12, '2006-09-12', 'N', 'andrea.baron', '2006', '2006-09-12', '2006-09-12'),
(198, '140', '2006-08-30', 'Contanti', 0.00, 24.00, '2', 'Acquisto n. 4 leggii   ', 5, '2006-08-30', 'N', 'sergio.belli', '2006', '2006-08-30', '2006-08-30'),
(199, '115', '2006-09-13', 'Contanti', 0.00, 2.50, '2', 'Acquisto buste per libretti    ', 12, '2006-09-13', 'N', 'andrea.baron', '2006', '2006-09-13', '2006-09-13'),
(200, '141', '2006-09-18', 'Contanti', 0.00, 17.70, '2', 'Spesa per fotocopie sinfonia dei giocattoli  ', 12, '2006-09-18', 'N', 'andrea.baron', '2006', '2006-09-18', '2006-09-18'),
(201, '116', '2006-06-02', 'Contanti', 0.00, 3.40, '2', ' raccomandata per servizio 2 giugno 2006 a novara  ', 3, '2006-06-02', 'N', 'andrea.baron', '2006', '2006-06-02', '2006-06-02'),
(202, '142', '2006-10-03', 'Contanti', 0.00, 188.00, '2', '  Assicurazione responsabilità civile 2006    scad 22-09-2007    ', 11, '2006-10-03', 'N', 'sergio.belli', '2006', '2006-10-03', '2006-10-03'),
(203, '143', '2006-10-07', 'Contanti', 0.00, 127.26, '2', '  acquisto partiture   ', 6, '2006-10-07', 'N', 'sergio.belli', '2006', '2006-10-07', '2006-10-07'),
(204, '144', '2006-10-07', 'Contanti', 0.00, 109.58, '2', '   partiture the persuaders amicalement votre  ', 6, '2006-10-07', 'N', 'sergio.belli', '2006', '2006-10-07', '2006-10-07'),
(205, '30', '2006-10-07', 'Contanti', 0.00, 467.93, '2', '    versamento da cassa a banca ', 28, '2006-10-07', 'N', 'andrea.baron', '2006', '2006-10-07', '2006-10-07'),
(206, '30', '2006-10-07', 'Versamento Contanti', 467.93, 0.00, '3', '     versamento contanti da cassa a banca  ', 28, '2006-10-07', 'N', 'andrea.baron', '2006', '2006-10-07', '2006-10-07'),
(207, '89', '2006-10-07', 'Contanti', 25.00, 0.00, '2', '  Oblazione Granieri Domenico ', 18, '2006-10-07', 'N', 'andrea.baron', '2006', '2006-10-07', '2006-10-07'),
(208, '102', '2006-10-07', 'Contanti', 75.00, 0.00, '2', ' oblazione besuzzi clarinetto invorio ', 18, '2006-10-07', 'N', 'andrea.baron', '2006', '2006-10-07', '2006-10-07'),
(209, '114', '2006-10-11', 'Bonifico Bancario', 60000.00, 0.00, '1', '     adaddaasd    ', 30, '2006-10-11', 'Y', 'sergio.belli', '2006', '2006-10-11', '2006-10-11'),
(210, '114', '2006-10-11', 'Bonifico Bancario', 30001.00, 0.00, '1', '   adaddaasd    ', 30, '2006-10-11', 'Y', 'sergio.belli', '2006', '2006-10-11', '2006-10-11'),
(211, '114', '2006-10-11', 'Bonifico Bancario', 30001.00, 0.00, '1', '  adaddaasd   ', 30, '2006-10-11', 'Y', 'sergio.belli', '2006', '2006-10-11', '2006-10-11'),
(212, '114', '2006-10-11', 'Bonifico Bancario', 0.00, 170001.00, '1', ' dfdfgdgdgdfgd aaaaaaaaaaaaaaaaaaaaaaaa     dsssd   ddddd   ', 30, '2006-10-11', 'Y', 'sergio.belli', '2006', '2006-10-11', '2006-10-11'),
(213, '114', '2006-10-11', 'Bonifico Bancario', 0.00, 70000.00, '1', '    fdfdf  ggggg   ssdsdsd   ', 30, '2006-10-11', 'Y', 'sergio.belli', '2006', '2006-10-11', '2006-10-11'),
(214, '125', '2006-12-08', 'Contanti', 0.00, 60.00, '2', ' Rimborso semestrale Alessio di ghemme (bombardino)  ', 7, '2006-12-08', 'Y', 'sergio.belli', '2006', '2006-12-08', '2006-12-08'),
(215, '125', '2006-12-08', 'Contanti', 0.00, 60.00, '2', ' Rimborso semestrale Alessio di ghemme (bombardino)  ', 7, '2006-12-08', 'N', 'sergio.belli', '2006', '2006-12-08', '2006-12-08'),
(216, '100', '2006-12-08', 'Contanti', 0.00, 25.00, '2', '    Rimborso Chiara Pavan per concerto Immacolata 2006   ', 27, '2006-12-08', 'N', 'sergio.belli', '2006', '2006-12-08', '2006-12-08'),
(217, '117', '2006-12-08', 'Contanti', 0.00, 45.00, '2', '   Rimborso Alessandra DePaoli per concerto Immacolata 2006    ', 27, '2006-12-08', 'N', 'sergio.belli', '2006', '2006-12-08', '2006-12-08'),
(218, '118', '2006-12-08', 'Contanti', 0.00, 25.00, '2', 'Rimborso Rondi per concerto Immacolata 2006    ', 27, '2006-12-08', 'N', 'sergio.belli', '2006', '2006-12-08', '2006-12-08'),
(219, '94', '2006-12-08', 'Contanti', 0.00, 25.00, '2', ' Rimborso Capone Marcello per concerto Immacolata 2006', 27, '2006-12-08', 'N', 'sergio.belli', '2006', '2006-12-08', '2006-12-08'),
(220, '98', '2006-12-08', 'Contanti', 0.00, 25.00, '2', '    Rimborso Bussolino Wilmo per concerto Immacolata 2006 ', 27, '2006-12-08', 'N', 'sergio.belli', '2006', '2006-12-08', '2006-12-08'),
(221, '87', '2006-12-08', 'Contanti', 0.00, 50.00, '2', ' Rimborso Mosca Francesca per concerto Immacolata 2006 ', 27, '2006-12-08', 'N', 'sergio.belli', '2006', '2006-12-08', '2006-12-08'),
(222, '101', '2006-12-08', 'Contanti', 0.00, 45.00, '2', '   Rimborso Canella per concerto Immacolata 2006   (2 prove + 1 concerto) ', 27, '2006-12-08', 'N', 'sergio.belli', '2006', '2006-12-08', '2006-12-08'),
(223, '88', '2006-12-08', 'Contanti', 0.00, 80.00, '2', '  Rimborso Grigolon per concerto Immacolata 2006 (1 prova + 1 concerto tariffa fissa)    ', 27, '2006-12-08', 'N', 'sergio.belli', '2006', '2006-12-08', '2006-12-08'),
(224, '80', '2006-12-08', 'Contanti', 0.00, 90.00, '2', ' Rimborso Poli Stefano per concerto Immacolata 2006    (5 prove + 1 concerto) ', 27, '2006-12-08', 'N', 'sergio.belli', '2006', '2006-12-08', '2006-12-08'),
(225, '122', '2006-12-08', 'Contanti', 0.00, 90.00, '2', '  Rimborso Poli Paolo per concerto Immacolata 2006 (5 prove + 1 concerto) ', 27, '2006-12-08', 'N', 'sergio.belli', '2006', '2006-12-08', '2006-12-08'),
(226, '99', '2006-12-08', 'Contanti', 0.00, 25.00, '2', '  Rimborso Bertolino Michele per concerto Immacolata 2006 (Forfait)   ', 27, '2006-12-08', 'N', 'sergio.belli', '2006', '2006-12-08', '2006-12-08'),
(227, '97', '2006-12-08', 'Contanti', 0.00, 45.00, '2', ' Rimborso Cosimo per concerto Immacolata 2006 (2 prove + 1 concerto) ', 27, '2006-12-08', 'N', 'sergio.belli', '2006', '2006-12-08', '2006-12-08'),
(228, '91', '2006-12-08', 'Contanti', 0.00, 60.00, '2', ' Rimborso Farassino (Gippo) per concerto Immacolata 2006  (3 prove + 1 concerto) ', 27, '2006-12-08', 'N', 'sergio.belli', '2006', '2006-12-08', '2006-12-08'),
(229, '149', '2006-12-08', 'Contanti', 0.00, 25.00, '2', '   Rimborso Martinetti Claudio per concerto Immacolata 2006  (forfait) ', 27, '2006-12-08', 'N', 'sergio.belli', '2006', '2006-12-08', '2006-12-08'),
(230, '78', '2006-12-08', 'Contanti', 0.00, 25.00, '2', '   Rimborso Calligaris Franco per concerto Immacolata 2006    (forfait)  ', 27, '2006-12-08', 'N', 'sergio.belli', '2006', '2006-12-08', '2006-12-08'),
(231, '120', '2006-12-08', 'Contanti', 0.00, 25.00, '2', '   Rimborso Vaudano Andrea per concerto Immacolata 2006    (forfait)  ', 27, '2006-12-08', 'N', 'sergio.belli', '2006', '2006-12-08', '2006-12-08'),
(232, '150', '2006-12-08', 'Contanti', 0.00, 62.00, '2', '   Rimborso Gessica (romagnano) 2006  ', 7, '2006-12-08', 'N', 'sergio.belli', '2006', '2006-12-08', '2006-12-08'),
(233, '60', '2006-12-08', 'Contanti', 0.00, 8.00, '2', ' Rimborso Velatta Laura 2006', 7, '2006-12-08', 'N', 'sergio.belli', '2006', '2006-12-08', '2006-12-08'),
(234, '151', '2006-12-08', 'Contanti', 0.00, 15.50, '2', '  Rimborso Vergerio Donatella 2006 ', 7, '2006-12-08', 'N', 'sergio.belli', '2006', '2006-12-08', '2006-12-08'),
(235, '152', '2006-12-08', 'Contanti', 0.00, 30.50, '2', ' Rimborso Flautina Romagnano 2006', 7, '2006-12-08', 'N', 'sergio.belli', '2006', '2006-12-08', '2006-12-08'),
(236, '30', '2006-12-08', 'Contanti', 0.00, 47.00, '2', '   Rimborso Belli Sergio 2006  ', 7, '2006-12-08', 'N', 'sergio.belli', '2006', '2006-12-08', '2006-12-08'),
(237, '66', '2006-12-08', 'Contanti', 0.00, 117.00, '2', '  Rimborso Borelli Ezio 2006     ', 7, '2006-12-08', 'N', 'sergio.belli', '2006', '2006-12-08', '2006-12-08'),
(238, '153', '2006-12-08', 'Contanti', 0.00, 9.00, '2', ' Rimborso Cabassa Diego 2006', 7, '2006-12-08', 'N', 'sergio.belli', '2006', '2006-12-08', '2006-12-08'),
(239, '154', '2006-12-08', 'Contanti', 0.00, 16.50, '2', ' Rimborso Claudio (Quarona) 2006  ', 7, '2006-12-08', 'N', 'sergio.belli', '2006', '2006-12-08', '2006-12-08'),
(240, '155', '2006-12-08', 'Contanti', 0.00, 88.00, '2', ' Rimborso De Angelis Martino 2006    ', 7, '2006-12-08', 'N', 'sergio.belli', '2006', '2006-12-08', '2006-12-08'),
(241, '156', '2006-12-08', 'Contanti', 0.00, 23.50, '2', ' Rimborso Ferrara Elena 2006', 7, '2006-12-08', 'N', 'sergio.belli', '2006', '2006-12-08', '2006-12-08'),
(242, '157', '2006-12-08', 'Contanti', 0.00, 76.00, '2', ' Rimborso Ferrara Floran 2006', 7, '2006-12-08', 'N', 'sergio.belli', '2006', '2006-12-08', '2006-12-08'),
(243, '158', '2006-12-08', 'Contanti', 0.00, 39.00, '2', ' Rimborso Ferro Andrea 2006  ', 7, '2006-12-08', 'N', 'sergio.belli', '2006', '2006-12-08', '2006-12-08'),
(244, '34', '2006-12-08', 'Contanti', 0.00, 12.00, '2', '  Rimborso Giuliani Roberto 2006 ', 7, '2006-12-08', 'N', 'sergio.belli', '2006', '2006-12-08', '2006-12-08'),
(245, '159', '2006-12-08', 'Contanti', 0.00, 10.50, '2', ' Rimborso Pietro (Coggiola) 2006', 7, '2006-12-08', 'N', 'sergio.belli', '2006', '2006-12-08', '2006-12-08'),
(246, '160', '2006-12-08', 'Contanti', 0.00, 127.00, '2', '  Rimborso Porzio Vittorio 2006 ', 7, '2006-12-08', 'N', 'sergio.belli', '2006', '2006-12-08', '2006-12-08'),
(247, '161', '2006-12-08', 'Contanti', 0.00, 112.50, '2', ' Rimborso Pozzi Mauro 2006', 7, '2006-12-08', 'N', 'sergio.belli', '2006', '2006-12-08', '2006-12-08'),
(248, '162', '2006-12-08', 'Contanti', 0.00, 164.50, '2', '    Rimborso Stefani Monica 2006   ', 7, '2006-12-08', 'N', 'sergio.belli', '2006', '2006-12-08', '2006-12-08'),
(249, '163', '2006-12-08', 'Contanti', 0.00, 66.00, '2', ' Rimborso Trapella Bruno 2006', 7, '2006-12-08', 'N', 'sergio.belli', '2006', '2006-12-08', '2006-12-08'),
(250, '164', '2006-12-08', 'Contanti', 0.00, 48.50, '2', ' Rimborso Turuani Egidio 2006', 7, '2006-12-08', 'N', 'sergio.belli', '2006', '2006-12-08', '2006-12-08'),
(251, '165', '2006-12-08', 'Contanti', 0.00, 136.00, '2', ' Rimborso Bonfiglio Giacomo 2006', 7, '2006-12-08', 'N', 'sergio.belli', '2006', '2006-12-08', '2006-12-08'),
(252, '166', '2006-12-08', 'Contanti', 0.00, 52.00, '2', ' Rimborso Giglio Pasquale 2006', 7, '2006-12-08', 'N', 'sergio.belli', '2006', '2006-12-08', '2006-12-08'),
(253, '167', '2006-12-08', 'Contanti', 0.00, 11.50, '2', ' Rimborso Vogesi Antonio 2006', 7, '2006-12-08', 'N', 'sergio.belli', '2006', '2006-12-08', '2006-12-08'),
(254, '168', '2006-12-08', 'Contanti', 0.00, 51.50, '2', ' Rimborso Ferrara Gianni 2006', 7, '2006-12-08', 'N', 'sergio.belli', '2006', '2006-12-08', '2006-12-08'),
(255, '169', '2006-12-08', 'Contanti', 0.00, 89.00, '2', ' Rimborso Gallino Antonio 2006', 7, '2006-12-08', 'N', 'sergio.belli', '2006', '2006-12-08', '2006-12-08'),
(256, '170', '2006-12-08', 'Contanti', 0.00, 78.00, '2', ' Rimborso Ren Sergio 2006', 7, '2006-12-08', 'N', 'sergio.belli', '2006', '2006-12-08', '2006-12-08'),
(257, '171', '2006-12-08', 'Contanti', 0.00, 30.00, '2', ' Rimborso Ronco Renzo 2006', 7, '2006-12-08', 'N', 'sergio.belli', '2006', '2006-12-08', '2006-12-08'),
(258, '172', '2006-12-08', 'Contanti', 0.00, 59.00, '2', ' Rimborso Tosetti Enrico 2006', 7, '2006-12-08', 'N', 'sergio.belli', '2006', '2006-12-08', '2006-12-08'),
(259, '173', '2006-12-08', 'Contanti', 0.00, 21.50, '2', ' Rimborso Cascio 2006', 7, '2006-12-08', 'N', 'sergio.belli', '2006', '2006-12-08', '2006-12-08'),
(260, '71', '2006-12-08', 'Contanti', 0.00, 16.50, '2', 'Rimborso Barlassina Patrizia 2006', 7, '2006-12-08', 'N', 'sergio.belli', '2006', '2006-12-08', '2006-12-08'),
(261, '174', '2006-12-08', 'Contanti', 0.00, 62.00, '2', ' Rimborso Baron Andrea 2006', 7, '2006-12-08', 'N', 'sergio.belli', '2006', '2006-12-08', '2006-12-08'),
(262, '175', '2006-12-08', 'Contanti', 0.00, 116.50, '2', ' Rimborso Bino Italo 2006', 7, '2006-12-08', 'N', 'sergio.belli', '2006', '2006-12-08', '2006-12-08'),
(263, '176', '2006-12-08', 'Contanti', 0.00, 81.50, '2', ' Rimborso Bressan Luca 2006', 7, '2006-12-08', 'N', 'sergio.belli', '2006', '2006-12-08', '2006-12-08'),
(264, '177', '2006-12-08', 'Contanti', 0.00, 31.00, '2', ' Rimborso Giglio Nicola 2006', 7, '2006-12-08', 'N', 'sergio.belli', '2006', '2006-12-08', '2006-12-08'),
(265, '31', '2006-12-08', 'Contanti', 0.00, 18.00, '2', ' Rimborso Mischiatti Dino 2006', 7, '2006-12-08', 'N', 'sergio.belli', '2006', '2006-12-08', '2006-12-08'),
(266, '24', '2006-12-08', 'Contanti', 0.00, 75.50, '2', ' Rimborso Pozzi Carlo 2006', 7, '2006-12-08', 'N', 'sergio.belli', '2006', '2006-12-08', '2006-12-08'),
(267, '178', '2006-12-08', 'Contanti', 0.00, 81.50, '2', ' Rimborso Rognoni Umberto 2006', 7, '2006-12-08', 'N', 'sergio.belli', '2006', '2006-12-08', '2006-12-08'),
(268, '179', '2006-12-08', 'Contanti', 0.00, 28.50, '2', ' Rimborso Vistali Mario 2006', 7, '2006-12-08', 'N', 'sergio.belli', '2006', '2006-12-08', '2006-12-08'),
(269, '180', '2006-12-08', 'Contanti', 0.00, 64.50, '2', ' Rimborso Cecchini (Coggiola) 2006', 7, '2006-12-08', 'N', 'sergio.belli', '2006', '2006-12-08', '2006-12-08'),
(270, '28', '2006-12-08', 'Contanti', 0.00, 10.00, '2', ' Rimborso Squaratti Paolo 2006', 7, '2006-12-08', 'N', 'sergio.belli', '2006', '2006-12-08', '2006-12-08'),
(271, '181', '2006-12-08', 'Contanti', 0.00, 16.00, '2', ' Rimborso Allorio Bruno 2006', 7, '2006-12-08', 'N', 'sergio.belli', '2006', '2006-12-08', '2006-12-08'),
(272, '182', '2006-12-08', 'Contanti', 0.00, 79.50, '2', ' Rimborso Bagarotti Francesco 2006', 7, '2006-12-08', 'N', 'sergio.belli', '2006', '2006-12-08', '2006-12-08'),
(273, '183', '2006-12-08', 'Contanti', 0.00, 123.50, '2', ' Rimborso Baglioni Corrado 2006', 7, '2006-12-08', 'N', 'sergio.belli', '2006', '2006-12-08', '2006-12-08'),
(274, '184', '2006-12-08', 'Contanti', 0.00, 66.00, '2', ' Rimborso Da Paré Paolo 2006', 7, '2006-12-08', 'N', 'sergio.belli', '2006', '2006-12-08', '2006-12-08'),
(275, '22', '2006-12-08', 'Contanti', 0.00, 49.50, '2', ' Rimborso Dilernia Giuseppe 2006', 7, '2006-12-08', 'N', 'sergio.belli', '2006', '2006-12-08', '2006-12-08'),
(276, '185', '2006-12-08', 'Contanti', 0.00, 40.50, '2', ' Rimborso Fornaro Michele 2006', 7, '2006-12-08', 'N', 'sergio.belli', '2006', '2006-12-08', '2006-12-08'),
(277, '84', '2006-12-08', 'Contanti', 0.00, 156.50, '2', ' Rimborso Negri Gilberto 2006', 7, '2006-12-08', 'N', 'sergio.belli', '2006', '2006-12-08', '2006-12-08'),
(278, '186', '2006-12-08', 'Contanti', 0.00, 36.00, '2', ' Rimborso Trombone Masserano Agostino 2006', 7, '2006-12-08', 'N', 'sergio.belli', '2006', '2006-12-08', '2006-12-08'),
(279, '187', '2006-12-08', 'Contanti', 0.00, 70.00, '2', ' Rimborso Baglioni Davide 2006', 7, '2006-12-08', 'N', 'sergio.belli', '2006', '2006-12-08', '2006-12-08'),
(280, '188', '2006-12-08', 'Contanti', 0.00, 85.00, '2', ' Rimborso Perotto Eraldo 2006', 7, '2006-12-08', 'N', 'sergio.belli', '2006', '2006-12-08', '2006-12-08'),
(281, '189', '2006-12-08', 'Contanti', 0.00, 12.00, '2', ' Rimborso Giraldi Gianni 2006', 7, '2006-12-08', 'N', 'sergio.belli', '2006', '2006-12-08', '2006-12-08'),
(282, '26', '2006-12-08', 'Contanti', 0.00, 33.00, '2', ' Rimborso Pontini Andrea 2006', 7, '2006-12-08', 'N', 'sergio.belli', '2006', '2006-12-08', '2006-12-08'),
(283, '190', '2006-12-08', 'Contanti', 0.00, 23.50, '2', ' Rimborso Testori Giuseppe 2006', 7, '2006-12-08', 'N', 'sergio.belli', '2006', '2006-12-08', '2006-12-08'),
(284, '191', '2006-12-08', 'Contanti', 0.00, 29.00, '2', ' Rimborso Zanellato Francesco 2006', 7, '2006-12-08', 'N', 'sergio.belli', '2006', '2006-12-08', '2006-12-08'),
(285, '192', '2006-12-08', 'Contanti', 0.00, 84.00, '2', ' Rimborso Azzalin Antonio 2006', 7, '2006-12-08', 'N', 'sergio.belli', '2006', '2006-12-08', '2006-12-08'),
(286, '193', '2006-12-08', 'Contanti', 0.00, 156.00, '2', ' Rimborso Bertaggia Ruggero 2006', 7, '2006-12-08', 'N', 'sergio.belli', '2006', '2006-12-08', '2006-12-08'),
(287, '194', '2006-12-08', 'Contanti', 0.00, 24.00, '2', ' Rimborso Bertolini Enrico 2006', 7, '2006-12-08', 'N', 'sergio.belli', '2006', '2006-12-08', '2006-12-08'),
(288, '195', '2006-12-08', 'Contanti', 0.00, 62.00, '2', ' Rimborso Bertolini Franco 2006', 7, '2006-12-08', 'N', 'sergio.belli', '2006', '2006-12-08', '2006-12-08'),
(289, '196', '2006-12-08', 'Contanti', 0.00, 100.00, '2', ' Rimborso Contardi Marco 2006', 7, '2006-12-08', 'N', 'sergio.belli', '2006', '2006-12-08', '2006-12-08'),
(290, '197', '2006-12-08', 'Contanti', 0.00, 23.50, '2', ' Rimborso Farinone 2006', 7, '2006-12-08', 'N', 'sergio.belli', '2006', '2006-12-08', '2006-12-08'),
(291, '198', '2006-12-08', 'Contanti', 0.00, 64.50, '2', ' Rimborso Silvestri Riccardo 2006', 7, '2006-12-08', 'N', 'sergio.belli', '2006', '2006-12-08', '2006-12-08'),
(292, '199', '2006-12-08', 'Contanti', 0.00, 19.00, '2', ' Rimborso Zanolo Gianni 2006', 7, '2006-12-08', 'N', 'sergio.belli', '2006', '2006-12-08', '2006-12-08'),
(293, '200', '2006-12-08', 'Contanti', 0.00, 8.00, '2', ' Rimborso Cassa Romagnano 2006', 7, '2006-12-08', 'N', 'sergio.belli', '2006', '2006-12-08', '2006-12-08'),
(294, '201', '2006-12-08', 'Contanti', 0.00, 5.00, '2', ' Rimborso Romagnano Tromba 2006', 7, '2006-12-08', 'N', 'sergio.belli', '2006', '2006-12-08', '2006-12-08'),
(295, '34', '2006-12-09', 'Contanti', 0.00, 71.50, '2', ' Rimborso spese Giuliani Roberto novembre 2006', 2, '2006-12-09', 'N', 'sergio.belli', '2006', '2006-12-09', '2006-12-09'),
(296, '133', '2006-12-12', 'Bonifico Bancario', 0.00, 10000.00, '1', ' wwddddddddddddddddddd    ', 21, '2006-12-12', 'Y', 'sergio.belli', '2006', '2006-12-12', '2006-12-12'),
(297, '84', '2006-12-09', 'Contanti', 0.00, 1027.00, '2', ' Rimborso Negri Gilberto  periodo luglio/dicembre 2006   ', 2, '2006-12-09', 'N', 'sergio.belli', '2006', '2006-12-09', '2006-12-09'),
(298, '89', '2006-12-09', 'Contanti', 25.00, 0.00, '2', ' Oblazione Domenico Granieri', 18, '2006-12-09', 'N', 'sergio.belli', '2006', '2006-12-09', '2006-12-09'),
(299, '102', '2006-12-09', 'Contanti', 75.00, 0.00, '2', ' Oblazione Clarinetto INvorio Besuzzi', 18, '2006-12-09', 'N', 'sergio.belli', '2006', '2006-12-09', '2006-12-09'),
(300, '26', '2007-01-13', 'Contanti', 20.00, 0.00, '2', '  Contributo lezioni Pontini Andrea periodo Marzo / Aprile 2006 ', 20, '2007-01-13', 'N', 'sergio.belli', '2006', '2007-01-13', '2007-01-13'),
(301, '57', '2007-01-13', 'Contanti', 20.00, 0.00, '2', ' Contributo Lezioni Magistrini Andrea periodo Marzo / Aprile 2006   ', 20, '2007-01-13', 'N', 'sergio.belli', '2006', '2007-01-13', '2007-01-13'),
(302, '28', '2007-01-13', 'Contanti', 10.00, 0.00, '2', '  Contributo Lezioni Squaratti Paolo periodo Maggio 2006 ', 20, '2007-01-13', 'N', 'sergio.belli', '2006', '2007-01-13', '2007-01-13'),
(303, '56', '2007-01-13', 'Contanti', 10.00, 0.00, '2', '  Contributo Lezioni Mancin Gabriele periodo Giugno 2006 ', 20, '2007-01-13', 'N', 'sergio.belli', '2006', '2007-01-13', '2007-01-13');
INSERT INTO `sd_movimenti` (`ID_Movimento`, `ID_Soggetto`, `Data_Valuta`, `Tipo_Pagamento`, `Entrate`, `Uscite`, `ID_Banca`, `Descrizione`, `Id_Voce_Bilancio`, `Data_Competenza`, `Deleted`, `ID_Admin`, `Anno_Bilancio`, `data_inserimento`, `data_modifica`) VALUES 
(304, '28', '2007-01-13', 'Contanti', 43.00, 0.00, '2', ' Contributo Lezione/Strumento Squaratti Paolo periodo Giugno 2006  Rimborso Strumento Squaratti Paolo periodo Luglio / Agosto 2006    ', 20, '2006-07-06', 'N', 'sergio.belli', '2006', '2006-07-06', '2006-07-06'),
(305, '28', '2007-01-13', 'Contanti', 21.00, 0.00, '2', '  Contributo Lezioni + Strumento Squaratti Paolo periodo Aprile 2006 ', 20, '2007-01-13', 'N', 'sergio.belli', '2006', '2007-01-13', '2007-01-13'),
(306, '202', '2007-01-13', 'Contanti', 21.00, 0.00, '2', '  Contributo Lezioni + Strumento Balzano Massimiliano periodo Aprile 2006 ', 20, '2007-01-13', 'N', 'sergio.belli', '2006', '2007-01-13', '2007-01-13'),
(307, '203', '2007-01-13', 'Contanti', 148.00, 0.00, '2', '  Contributo Lezioni Massarotti periodo Gennaio / Agosto 2006 ', 20, '2007-01-13', 'N', 'sergio.belli', '2006', '2007-01-13', '2007-01-13'),
(308, '25', '2007-01-13', 'Contanti', 11.00, 0.00, '2', '  Contributo Strumento Pagnoni Federico periodo Aprile 2006 ', 20, '2007-01-13', 'N', 'sergio.belli', '2006', '2007-01-13', '2007-01-13'),
(309, '56', '2007-01-13', 'Contanti', 20.00, 0.00, '2', '  Contributo Lezioni Mncin Gabriele periodo Aprile / Maggio 2006 ', 20, '2007-01-13', 'N', 'sergio.belli', '2006', '2007-01-13', '2007-01-13'),
(310, '55', '2007-01-13', 'Contanti', 20.00, 0.00, '2', '  Contributo Lezioni Moretti Eleonora periodo Aprile / Maggio 2006 ', 20, '2007-01-13', 'N', 'sergio.belli', '2006', '2007-01-13', '2007-01-13'),
(311, '23', '2007-01-13', 'Contanti', 20.00, 0.00, '2', '  Contributo Lezioni Agazzini Linda e Lorenzo periodo Aprile 2006 ', 20, '2007-01-13', 'N', 'sergio.belli', '2006', '2007-01-13', '2007-01-13'),
(312, '22', '2007-01-13', 'Contanti', 10.00, 0.00, '2', '  Contributo Lezioni Di Lernia Giuseppe periodo Aprile 2006 ', 20, '2007-01-13', 'N', 'sergio.belli', '2006', '2007-01-13', '2007-01-13'),
(313, '24', '2007-01-13', 'Contanti', 10.00, 0.00, '2', '  Contributo Lezioni Pozzi Carlo periodo Maggio 2006 ', 20, '2007-01-13', 'N', 'sergio.belli', '2006', '2007-01-13', '2007-01-13'),
(314, '78', '2007-01-13', 'Contanti', 25.00, 0.00, '2', ' Oblazione Calligaris Franco su Rimborso per concerto Immacolata 2006 (forfait)', 18, '2007-01-13', 'N', 'sergio.belli', '2006', '2007-01-13', '2007-01-13'),
(315, '205', '2006-12-08', 'Contanti', 0.00, 15.00, '2', '  Fotocopie per Programma Concerto Immacolata 2006 ', 12, '2006-12-08', 'N', 'sergio.belli', '2006', '2006-12-08', '2006-12-08'),
(316, '206', '2006-12-09', 'Contanti', 0.00, 29.00, '2', '  Biscotti per rinfresco Concerto Immacolata 2006 ', 13, '2006-12-09', 'N', 'sergio.belli', '2006', '2006-12-09', '2006-12-09'),
(317, '207', '2006-12-08', 'Contanti', 0.00, 249.00, '2', '   Primo premio sottoscrizione a premi 2006 (TV LCD)   ', 29, '2006-12-08', 'N', 'sergio.belli', '2006', '2006-12-08', '2006-12-08'),
(318, '83', '2006-12-09', 'Contanti', 0.00, 27.20, '2', '  Imposta manifesti Santa Cecilia 2006 ', 14, '2006-12-09', 'N', 'sergio.belli', '2006', '2006-12-09', '2006-12-09'),
(319, '25', '2007-01-13', 'Contanti', 21.00, 0.00, '2', '     Contributo Lezioni/Strumento Pagnoni Federico   periodo Maggio 2006 ', 20, '2007-01-13', 'N', 'sergio.belli', '2006', '2007-01-13', '2007-01-13'),
(320, '22', '2007-01-13', 'Contanti', 10.00, 0.00, '2', ' Contributo Lezioni Di Lernia Giuseppe periodo Maggio 2006', 20, '2007-01-13', 'N', 'sergio.belli', '2006', '2007-01-13', '2007-01-13'),
(321, '23', '2007-01-13', 'Contanti', 20.00, 0.00, '2', ' Contributo Lezioni Agazzini Lidia e Lorenzo periodo Maggio 2006', 20, '2007-01-13', 'N', 'sergio.belli', '2006', '2007-01-13', '2007-01-13'),
(322, '204', '2007-01-13', 'Contanti', 250.00, 0.00, '2', '   Rimborso servizio alpini Grignasco   ', 22, '2006-07-21', 'N', 'sergio.belli', '2006', '2006-07-21', '2006-07-21'),
(323, '98', '2007-01-13', 'Contanti', 25.00, 0.00, '2', ' Oblazione Wilmo su Rimborso per concerto Immacolata 2006', 18, '2006-12-09', 'N', 'sergio.belli', '2006', '2006-12-09', '2006-12-09'),
(324, '65', '2006-11-29', 'Assegno Bancario', 0.00, 500.00, '3', '                             Rimborso Platini Fabrizio periodo settembre/ottobre 2006. ASSEGNO NR 3173573041                         ', 2, '2006-12-12', 'N', 'sergio.belli', '2006', '2006-12-12', '2006-12-12'),
(325, '208', '2007-01-13', 'Contanti', 1075.00, 0.00, '2', 'Incassi da vendita biglietti sottoscrizione a premi (pranzo santa cecilia 2006). Blocchetti da 127 a 169 (n° 43 blocchetti). Biglietti da numero 3176 a 4750. Conto unitario 1 euro.', 23, '2006-12-10', 'N', 'sergio.belli', '2006', '2006-12-10', '2006-12-10'),
(326, '209', '2007-01-13', 'Contanti', 0.00, 1050.00, '2', ' Pranzo santa cecilia 2006 Casa Galloni. (Ricevuta fiscale n 1030 da 2100 euro, la differenza pagata da simpatizzanti presenti al pranzo) ', 13, '2006-12-10', 'N', 'sergio.belli', '2006', '2006-12-10', '2006-12-10'),
(327, '123', '2007-01-13', 'Contanti', 0.00, 15.00, '2', ' Rimborso servizio alpini grignasco a Canclini Mauro', 27, '2006-12-10', 'N', 'sergio.belli', '2006', '2006-12-10', '2006-12-10'),
(328, '155', '2006-12-05', 'Assegno Bancario', 0.00, 4348.00, '3', '                              Prelievo da banca a cassa per rimborsi annuali musici ed esterni 8 dicembre 2006. (Bonifico effettuato su conto di De Angelis Martino, che poi ha prelevato dal suo conto). ASSEGNO NR 3173573042                           ', 28, '2006-12-05', 'N', 'sergio.belli', '2006', '2006-12-05', '2006-12-05'),
(329, '155', '2007-01-13', 'Contanti', 4348.00, 0.00, '2', ' Entrata da Banca a cassa per pagamento musici e rimborso esterni 8 dicembre 2006.', 28, '2006-12-05', 'N', 'sergio.belli', '2006', '2006-12-05', '2006-12-05'),
(330, '208', '2007-01-13', 'Contanti', 466.50, 0.00, '2', '  Entrate a seguito vendita torte per santa cecilia 2006. ', 23, '2006-12-09', 'N', 'sergio.belli', '2006', '2006-12-09', '2006-12-09'),
(331, '210', '2007-01-13', 'Contanti', 516.50, 0.00, '2', ' Offerte ricevute per il concerto di santa cecilia 2006', 22, '2006-12-08', 'N', 'sergio.belli', '2006', '2006-12-08', '2006-12-08'),
(332, '211', '2007-01-13', 'Contanti', 0.00, 53.32, '2', ' Spese per rinfresco Santa cecilia 2006 (e cesti per sottoscrizioni a premi)', 13, '2006-12-05', 'N', 'sergio.belli', '2006', '2006-12-05', '2006-12-05'),
(333, '212', '2007-01-13', 'Contanti', 0.00, 45.00, '2', ' Acquisto tranci pizza presso Peccati di Gola', 13, '2006-12-08', 'Y', 'sergio.belli', '2006', '2006-12-08', '2006-12-08'),
(334, '212', '2007-01-13', 'Contanti', 0.00, 45.00, '2', ' Acquisto tranci pizza presso Peccati di Gola', 13, '2006-12-08', 'N', 'sergio.belli', '2006', '2006-12-08', '2006-12-08'),
(335, '214', '2007-01-13', 'Contanti', 0.00, 2.79, '2', ' Acquisto generi alimentari per rinfresco santa cecilia 2006', 13, '2006-12-08', 'N', 'sergio.belli', '2006', '2006-12-08', '2006-12-08'),
(336, '83', '2007-01-13', 'Contanti', 0.00, 13.60, '2', ' Imposta comunale pubblicità per affissione cartelloni. concerto del 26/12/2006', 14, '2006-12-18', 'N', 'sergio.belli', '2006', '2006-12-18', '2006-12-18'),
(337, '122', '2007-01-13', 'Contanti', 0.00, 30.00, '2', ' Rimborso Poli Paolo per concerto 26/12/2006', 27, '2006-12-26', 'N', 'sergio.belli', '2006', '2006-12-26', '2006-12-26'),
(338, '99', '2007-01-13', 'Contanti', 0.00, 25.00, '2', '   Rimborso Bertolino Michele per concerto 26/12/2006', 27, '2006-12-26', 'N', 'sergio.belli', '2006', '2006-12-26', '2006-12-26'),
(339, '125', '2007-01-13', 'Contanti', 0.00, 20.00, '2', '   Rimborso Alessio per concerto 26/12/2006', 27, '2006-12-26', 'N', 'sergio.belli', '2006', '2006-12-26', '2006-12-26'),
(340, '124', '2007-01-13', 'Contanti', 0.00, 75.00, '2', '   Rimborso Giletti PierAngelo per concerto 26/12/2006', 27, '2006-12-26', 'N', 'sergio.belli', '2006', '2006-12-26', '2006-12-26'),
(341, '127', '2007-01-13', 'Contanti', 0.00, 50.00, '2', '   Rimborso Mattia per concerto 26/12/2006', 27, '2006-12-26', 'N', 'sergio.belli', '2006', '2006-12-26', '2006-12-26'),
(342, '215', '2007-01-13', 'Contanti', 0.00, 25.00, '2', '   Rimborso Facciotti Piero per concerto 26/12/2006', 27, '2006-12-26', 'N', 'sergio.belli', '2006', '2006-12-26', '2006-12-26'),
(343, '78', '2007-01-13', 'Contanti', 0.00, 25.00, '2', '   Rimborso Calligaris Franco per concerto 26/12/2006', 27, '2006-12-26', 'N', 'sergio.belli', '2006', '2006-12-26', '2006-12-26'),
(344, '89', '2007-01-13', 'Contanti', 0.00, 25.00, '2', '   Rimborso Granieri Domenico per concerto 26/12/2006', 27, '2006-12-26', 'N', 'sergio.belli', '2006', '2006-12-26', '2006-12-26'),
(345, '215', '2007-01-13', 'Contanti', 25.00, 0.00, '2', ' Oblazione su   Rimborso Facciotti Piero per concerto 26/12/2006', 18, '2006-12-26', 'N', 'sergio.belli', '2006', '2006-12-26', '2006-12-26'),
(346, '78', '2007-01-13', 'Contanti', 25.00, 0.00, '2', ' Oblazione   Rimborso Calligaris Franco per concerto 26/12/2006', 18, '2006-12-26', 'N', 'sergio.belli', '2006', '2006-12-26', '2006-12-26'),
(347, '89', '2007-01-13', 'Contanti', 25.00, 0.00, '2', '  Oblazione  Rimborso Granieri Domenico per concerto 26/12/2006', 18, '2006-12-26', 'N', 'sergio.belli', '2006', '2006-12-26', '2006-12-26'),
(348, '216', '2007-01-13', 'Contanti', 0.00, 28.50, '2', ' Acquisto premi presso Punto SMA (usato buono spesa)', 29, '2006-12-08', 'N', 'sergio.belli', '2006', '2006-12-08', '2006-12-08'),
(349, '130', '2007-01-14', 'Versamento Contanti', 15841.62, 0.00, '3', ' Saldo iniziale conto corrente in data 31/12/2005.', 32, '2005-12-31', 'N', 'sergio.belli', '2006', '2005-12-31', '2005-12-31'),
(350, '217', '2007-01-14', 'Assegno Bancario', 240.00, 0.00, '3', '  Rimborso spese servizio  AVIS a Prato Sesia. ', 22, '2006-11-27', 'N', 'sergio.belli', '2006', '2006-11-27', '2006-11-27'),
(351, '218', '2007-01-14', 'Contanti', 200.00, 0.00, '2', ' Oblazione di Tassan Ernesto in memoria di Negri Gina', 18, '2007-01-14', 'N', 'sergio.belli', '2006', '2007-01-14', '2007-01-14'),
(352, '219', '2007-01-14', 'Contanti', 0.00, 93.00, '2', ' Acquisto Cesto Valsesiano per premio lotteria santa cecilia 2006', 29, '2006-12-02', 'N', 'sergio.belli', '2006', '2006-12-02', '2006-12-02'),
(353, '72', '2007-01-14', 'Contanti', 0.00, 18.00, '2', ' Spese postali acquisto francobolli n30 x 0,60 euro.', 3, '2006-11-30', 'N', 'sergio.belli', '2006', '2006-11-30', '2006-11-30'),
(354, '72', '2007-01-14', 'Contanti', 0.00, 33.89, '2', ' Spese postali acquisto marche da bollo n2 x 14.62 euro. Spese per raccomandata 4,65 euro.', 3, '2006-10-28', 'N', 'sergio.belli', '2006', '2006-10-28', '2006-10-28'),
(355, '25', '2007-01-14', 'Contanti', 11.00, 0.00, '2', '  Contributo Strumento Pagnoni Federico periodo Settembre 2006   ', 20, '2006-09-09', 'N', 'sergio.belli', '2006', '2006-09-09', '2006-09-09'),
(356, '23', '2007-01-14', 'Contanti', 20.00, 0.00, '2', ' Contributo Lezioni Famiglia Agazzini (linda e lorenzo) periodo Ottobre 2006. ', 20, '2006-10-01', 'N', 'sergio.belli', '2006', '2006-10-01', '2006-10-01'),
(357, '220', '2007-01-14', 'Contanti', 10.00, 0.00, '2', ' Contributo Lezioni Vaccaro Vito periodo Ottobre 2006.   ', 20, '2006-10-01', 'N', 'sergio.belli', '2006', '2006-10-01', '2006-10-01'),
(358, '221', '2007-01-14', 'Contanti', 10.00, 0.00, '2', ' Contributo Lezioni Rosaclerio Camilla periodo Ottobre 2006. ', 20, '2006-10-01', 'N', 'sergio.belli', '2006', '2006-10-01', '2006-10-01'),
(359, '24', '2007-01-14', 'Contanti', 20.00, 0.00, '2', ' Contributo Lezioni Pozzi Carlo periodo Ottobre / Novembre 2006. ', 20, '2006-10-01', 'N', 'sergio.belli', '2006', '2006-10-01', '2006-10-01'),
(360, '202', '2007-01-14', 'Contanti', 50.00, 0.00, '2', ' Contributo Lezioni Balzano Massimiliano periodo Maggio / Ottobre 2006. ', 20, '2006-10-01', 'N', 'sergio.belli', '2006', '2006-10-01', '2006-10-01'),
(361, '22', '2007-01-14', 'Contanti', 10.00, 0.00, '2', '  Contributo Lezioni Di Lernia Giuseppe periodo Ottobre 2006.    ', 20, '2006-10-01', 'N', 'sergio.belli', '2006', '2006-10-01', '2006-10-01'),
(362, '222', '2007-01-14', 'Contanti', 10.00, 0.00, '2', '     Contributo Lezioni Mingolla Paola periodo Ottobre 2006.   ', 20, '2006-10-01', 'N', 'sergio.belli', '2006', '2006-10-01', '2006-10-01'),
(363, '203', '2007-01-14', 'Contanti', 21.00, 0.00, '2', 'Contributo Lezioni/Strumento Massarotti Francesca periodo Ottobre 2006.', 20, '2006-10-01', 'N', 'sergio.belli', '2006', '2006-10-01', '2006-10-01'),
(364, '28', '2007-01-14', 'Contanti', 11.00, 0.00, '2', '  Contributo Strumento Squaratti Paolo periodo Settembre 2006.', 20, '2006-10-01', 'N', 'sergio.belli', '2006', '2006-10-01', '2006-10-01'),
(365, '223', '2007-01-14', 'Contanti', 0.00, 160.00, '2', ' Rimborso musici di confienza per servizio Pray.', 27, '2007-01-14', 'N', 'sergio.belli', '2006', '2007-01-14', '2007-01-14'),
(366, '114', '2007-01-15', 'Ricevuta Bancaria', 20001.00, 0.00, '1', '  BALALALLALALALALALLA   ', 2, '2007-01-15', 'Y', 'sergio.belli', '2006', '2007-01-15', '2007-01-15'),
(367, '103', '2007-01-17', '', 0.00, 300000.00, '', '  eretetertetetertrtetetetertet ', 0, '2007-01-17', 'Y', 'sergio.belli', '2006', '2007-01-17', '2007-01-17'),
(368, '103', '2007-01-17', '', 0.00, 300000.00, '', '  eretetertetetertrtetetetertet ', 0, '2007-01-17', 'Y', 'sergio.belli', '2006', '2007-01-17', '2007-01-17'),
(369, '114', '2007-01-16', 'Contanti', 0.00, 40000.00, '2', '  tytututyutyutyutyuituity   ', 18, '2007-01-16', 'Y', 'sergio.belli', '2006', '2007-01-16', '2007-01-16'),
(370, '114', '2007-01-16', 'Contanti', 0.00, 1.00, '2', ' Tesseramento xxxx yyyy ', 18, '2007-01-16', 'Y', 'sergio.belli', '2006', '2007-01-16', '2007-01-16'),
(371, '114', '2007-01-16', 'Contanti', 0.00, 1.00, '2', ' Tesseramento xxxx yyyy ', 18, '2007-01-16', 'Y', 'sergio.belli', '2006', '2007-01-16', '2007-01-16'),
(372, '114', '2007-01-16', 'Contanti', 0.00, 1.00, '2', ' Tesseramento xxxx yyyy ', 18, '2007-01-16', 'Y', 'sergio.belli', '2006', '2007-01-16', '2007-01-16'),
(373, '134', '2007-01-16', 'Contanti', 0.00, 12.00, '2', 'Tesseramento 2007', 18, '2007-01-16', 'Y', 'sergio.belli', '2006', '2007-01-16', '2007-01-16'),
(374, '134', '2007-01-16', 'Contanti', 0.00, 12.00, '2', 'Tesseramento 2007', 18, '2007-01-16', 'Y', 'sergio.belli', '2006', '2007-01-16', '2007-01-16'),
(375, '134', '2007-01-16', 'Contanti', 0.00, 12.00, '2', 'Tesseramento 2007', 18, '2007-01-16', 'Y', 'sergio.belli', '2006', '2007-01-16', '2007-01-16'),
(376, '83', '2007-01-31', 'Contanti', 0.00, 999999.99, '2', 'Tesseramento 2005', 18, '2007-01-31', 'Y', 'sergio.belli', '2006', '2007-01-31', '2007-01-31'),
(377, '83', '2007-01-31', 'Contanti', 0.00, 999999.99, '2', 'Tesseramento 2005', 18, '2007-01-31', 'Y', 'sergio.belli', '2006', '2007-01-31', '2007-01-31'),
(378, '83', '2007-01-31', 'Contanti', 0.00, 999999.99, '2', 'Tesseramento 2005', 18, '2007-01-31', 'Y', 'sergio.belli', '2006', '2007-01-31', '2007-01-31'),
(379, '83', '2007-01-31', 'Contanti', 0.00, 999999.99, '2', 'Tesseramento 2005', 18, '2007-01-31', 'Y', 'sergio.belli', '2006', '2007-01-31', '2007-01-31'),
(380, '83', '2007-01-31', 'Contanti', 0.00, 999999.99, '2', 'Tesseramento 2005', 18, '2007-01-31', 'Y', 'sergio.belli', '2006', '2007-01-31', '2007-01-31'),
(381, '83', '2007-01-31', 'Contanti', 0.00, 999999.99, '2', 'Tesseramento 2005', 18, '2007-01-31', 'Y', 'sergio.belli', '2006', '2007-01-31', '2007-01-31'),
(382, '134', '2007-01-16', 'Contanti', 0.00, 12.00, '2', 'Tesseramento 2005', 18, '2007-01-16', 'Y', 'sergio.belli', '2006', '2007-01-16', '2007-01-16'),
(383, '83', '2007-01-16', 'Contanti', 0.00, 34.00, '2', 'Tesseramento 2005', 18, '2007-01-16', 'Y', 'sergio.belli', '2006', '2007-01-16', '2007-01-16'),
(384, '133', '2007-01-15', 'Contanti', 0.00, 100.00, '2', 'Tesseramento 2007', 18, '2007-01-15', 'Y', 'sergio.belli', '2006', '2007-01-15', '2007-01-15'),
(385, '114', '2007-01-17', 'Bonifico Bancario', 0.00, 100000.00, '1', ' dfsddffsddfsdfs  ', 4, '2007-01-17', 'Y', 'sergio.belli', '2006', '2007-01-17', '2007-01-17'),
(386, '114', '2007-01-17', 'Bonifico Bancario', 100000.00, 0.00, '1', 'sffddfdfdfdf', 4, '2007-01-17', 'Y', 'sergio.belli', '2006', '2007-01-17', '2007-01-17'),
(387, '8', '2007-01-18', '2007', 100000.00, 0.00, '1', '     asaasasas  ', 25, '2007-01-18', 'Y', 'sergio.belli', 'Boni', '2007-01-18', '2007-01-18'),
(388, '8', '2007-01-18', '2007', 100000.00, 0.00, '1', '     asaasasas  ', 25, '2007-01-18', 'Y', 'sergio.belli', 'Boni', '2007-01-18', '2007-01-18'),
(389, '113', '2007-01-18', 'Bonifico Bancario', 100000.00, 0.00, '1', '   sdsdsdds    ', 25, '2007-01-18', 'Y', 'sergio.belli', '2010', '2007-01-18', '2007-01-18'),
(390, '69', '2007-01-18', 'Bonifico Bancario', 100000.00, 0.00, '1', ' sfdfdfdfdfdf    ', 4, '2007-01-18', 'Y', 'sergio.belli', '2005', '2007-01-18', '2007-01-18'),
(391, '59', '2007-01-18', 'Bonifico Bancario', 0.00, 999999.99, '1', '   adadsdsdsd    ', 5, '2007-01-18', 'Y', 'sergio.belli', '2007', '2007-01-18', '2007-01-18'),
(392, '231', '2007-01-22', 'Contanti', 0.00, 164.70, '2', ' Onere SIAE per permesso 2007 euro 164.63.', 8, '2007-01-22', 'Y', 'sergio.belli', '2007', '2007-01-22', '2007-01-22'),
(393, '34', '2007-01-22', 'Contanti', 0.00, 97.50, '2', ' Rimborso Giuliani Roberto periodo mese ottobre 2006.', 2, '2006-11-14', 'N', 'sergio.belli', '2006', '2006-11-14', '2006-11-14'),
(394, '259', '2007-01-22', 'Contanti', 0.00, 32.00, '2', ' Rimborso a DeAngelis Martino per acquisto pelle per riparazione cassa in seguito a rottura da parte di Silvestri Riccardo. ', 5, '2007-01-16', 'N', 'sergio.belli', '2007', '2007-01-16', '2007-01-16'),
(395, '65', '2006-04-13', 'Assegno Bancario', 0.00, 430.00, '3', '  Rimborso Platini Fabrizio mesi Gennaio/Febbraio 2006. Assegno n° 3126252627', 2, '2006-04-11', 'N', 'sergio.belli', '2006', '2006-04-11', '2006-04-11'),
(396, '86', '2007-01-22', 'Contanti', 0.00, 100.00, '2', ' Spese per ricarica telefonica 100 euro. ', 31, '2007-01-22', 'N', 'sergio.belli', '2007', '2007-01-22', '2007-01-22'),
(397, '72', '2007-01-22', 'Contanti', 0.00, 2.00, '2', ' Rimborso a Regis Marica per marche da bollo e francobolli (1,89 euro).', 3, '2007-01-22', 'N', 'sergio.belli', '2006', '2007-01-22', '2007-01-22'),
(398, '130', '2006-12-31', 'Bonifico Bancario', 0.00, 18.45, '3', '  Imposta di bollo su conto corrente.   ', 15, '2007-01-04', 'N', 'sergio.belli', '2007', '2007-01-04', '2007-01-04'),
(399, '130', '2006-12-31', 'Bonifico Bancario', 0.00, 1.80, '3', ' Commissione invio e/conto e lettere trasparenza ', 15, '2007-01-04', 'N', 'sergio.belli', '2007', '2007-01-04', '2007-01-04'),
(400, '130', '2006-12-31', 'Bonifico Bancario', 0.00, 28.36, '3', ' Competenze banca intesa ', 15, '2007-01-04', 'N', 'sergio.belli', '2007', '2007-01-04', '2007-01-04'),
(401, '129', '2006-12-19', 'Bonifico Bancario', 0.00, 37.09, '3', ' Bolletta enel periodo ottobre/novembre 2006', 9, '2006-12-19', 'N', 'sergio.belli', '2006', '2006-12-19', '2006-12-19'),
(402, '130', '2006-01-01', 'Bonifico Bancario', 0.00, 12.00, '3', '                            Canone annuale intesa on line. CANONE ANNUALE INTESA ONLINE PERIODO 12/2006-12/2007                        ', 15, '2006-01-01', 'N', 'sergio.belli', '2005', '2006-01-01', '2006-01-01'),
(403, '129', '2006-10-17', 'Bonifico Bancario', 0.00, 38.18, '3', 'Pagamento bolletta enel.', 9, '2006-10-17', 'N', 'sergio.belli', '2006', '2006-10-17', '2006-10-17'),
(404, '228', '2006-10-09', 'Versamento Contanti', 1975.00, 0.00, '3', 'Contributo scuola allievi anno 2006', 26, '2006-10-09', 'N', 'sergio.belli', '2006', '2006-10-09', '2006-10-09'),
(405, '130', '2006-09-30', 'Bonifico Bancario', 0.00, 18.45, '3', 'Imposta bollo su conto corrente', 15, '2006-10-06', 'N', 'sergio.belli', '2006', '2006-10-06', '2006-10-06'),
(406, '130', '2006-09-30', 'Bonifico Bancario', 0.00, 1.80, '3', 'Commissione invio E/conto e lettere trasparenza', 15, '2006-10-06', 'N', 'sergio.belli', '2006', '2006-10-06', '2006-10-06'),
(407, '130', '2006-09-30', 'Bonifico Bancario', 0.00, 23.68, '3', 'Competenze banca intesa', 15, '2006-10-06', 'N', 'sergio.belli', '2006', '2006-10-06', '2006-10-06'),
(408, '129', '2006-08-17', 'Bonifico Bancario', 0.00, 33.42, '3', 'Pagamento bolletta enel.', 9, '2006-08-17', 'N', 'sergio.belli', '2006', '2006-08-17', '2006-08-17'),
(409, '130', '2006-06-30', 'Bonifico Bancario', 0.00, 18.45, '3', 'Imposta di bollo su conto corrente', 15, '2006-07-05', 'N', 'sergio.belli', '2006', '2006-07-05', '2006-07-05'),
(410, '130', '2006-06-30', 'Bonifico Bancario', 0.00, 1.80, '3', 'Commissione invio e/conto e lettere trasparenza', 15, '2006-07-05', 'N', 'sergio.belli', '2006', '2006-07-05', '2006-07-05'),
(411, '130', '2006-06-30', 'Bonifico Bancario', 0.00, 28.22, '3', 'Competenze banca intesa.', 15, '2006-07-05', 'N', 'sergio.belli', '2006', '2006-07-05', '2006-07-05'),
(412, '129', '2006-02-20', 'Bonifico Bancario', 0.00, 36.98, '3', 'Pagamento bolletta enel', 9, '2006-02-20', 'N', 'sergio.belli', '2006', '2006-02-20', '2006-02-20'),
(413, '116', '2007-01-23', 'Contanti', 0.00, 35.00, '2', 'Affitto annuale 2007 della casella postale . ', 3, '2007-01-20', 'N', 'sergio.belli', '2007', '2007-01-20', '2007-01-20'),
(414, '86', '2007-01-31', 'Bonifico Bancario', 0.00, 100000.00, '2', ' dfdfdfddf', 28, '2007-01-31', 'Y', 'sergio.belli', '2007', '2007-01-31', '2007-01-31'),
(415, '211', '2007-02-10', 'Contanti', 0.00, 23.10, '2', ' Rimborso a Sergio Belli per acquisto cancelleria. ', 12, '2007-01-22', 'N', 'sergio.belli', '2007', '2007-01-22', '2007-01-22'),
(416, '69', '2007-02-17', 'Bonifico Bancario', 100000.00, 0.00, '3', '  sddsdssdsd  ', 4, '2007-02-17', 'Y', 'sergio.belli', '2007', '2007-02-17', '2007-02-17'),
(417, '65', '2007-02-18', 'Assegno Bancario', 0.00, 600.00, '3', '                             Rimborso spese Platini Fabrizio periodo novembre dicembre 2006     .ASSEGNO NR 3173573045                   ', 2, '2007-02-18', 'N', 'sergio.belli', '2007', '2007-02-18', '2007-02-18'),
(418, '234', '2007-02-18', 'Contanti', 0.00, 500.00, '2', '    Spese per acquisto fotocopiatrice da Vinzio Maurilia.  ', 35, '2007-02-18', 'N', 'sergio.belli', '2007', '2007-02-18', '2007-02-18'),
(419, '34', '2007-02-18', 'Contanti', 0.00, 39.00, '2', 'Rimborso spese Giuliani Roberto dicembre 2006', 2, '2007-02-18', 'N', 'sergio.belli', '2006', '2007-02-18', '2007-02-18'),
(420, '34', '2007-02-18', 'Contanti', 0.00, 78.00, '2', 'Rimborso spese Giuliani Roberto gennaio 2007', 2, '2007-02-18', 'N', 'sergio.belli', '2007', '2007-02-18', '2007-02-18'),
(421, '25', '2007-03-04', 'Contanti', 21.00, 0.00, '2', ' Contributo lezioni + strumento Pagnoni Federico Ottobre 2006    ', 20, '2006-10-31', 'N', 'sergio.belli', '2006', '2006-10-31', '2006-10-31'),
(422, '56', '2007-03-04', 'Contanti', 30.00, 0.00, '2', ' Contributo Lezioni Mancin Gabriele Ottobre/Novembre/Dicembre 2006    ', 20, '2006-12-31', 'N', 'sergio.belli', '2006', '2006-12-31', '2006-12-31'),
(423, '235', '2007-02-08', 'Assegno Bancario', 500.00, 0.00, '3', '  Offerta per concerto santo stefano 2006 ', 22, '2006-12-26', 'N', 'sergio.belli', '2007', '2006-12-26', '2006-12-26'),
(424, '112', '2007-02-20', 'Contanti', 270.00, 0.00, '2', 'Offerta per servizio di Valduggia 2006 ', 22, '2007-02-20', 'N', 'sergio.belli', '2007', '2007-02-20', '2007-02-20'),
(425, '236', '2007-02-18', 'Contanti', 0.00, 15.00, '2', 'Rimborso Basso Gattinara (Riccardo) per servizio Piane 2007   ', 27, '2007-02-18', 'N', 'sergio.belli', '2007', '2007-02-18', '2007-02-18'),
(426, '237', '2007-03-01', 'Assegno Bancario', 300.00, 0.00, '3', '                            Offerta per servizio Piane di Serravalle Sesia 2007                          ', 22, '2007-03-01', 'N', 'sergio.belli', '2007', '2007-03-01', '2007-03-01'),
(427, '129', '2007-02-19', 'Bonifico Bancario', 0.00, 30.34, '3', 'Spese Enel periodo Dicembre 2006 /    Gennaio 2007   ', 9, '2007-02-19', 'N', 'sergio.belli', '2007', '2007-02-19', '2007-02-19'),
(428, '140', '2006-12-19', 'Contanti', 0.00, 849.00, '2', 'Acquisto trombone Yamaha mod 350. Acquisto chitarra classica. (Donazione in memoria di Astolfi Gian Vito) ', 5, '2006-12-19', 'N', 'sergio.belli', '2006', '2006-12-19', '2006-12-19'),
(429, '140', '2006-12-16', 'Contanti', 0.00, 758.00, '2', 'Acquisto saxofono tenore Maxtone. (Strumento Marika) ', 5, '2006-12-16', 'N', 'sergio.belli', '2006', '2006-12-16', '2006-12-16'),
(430, '238', '2006-11-11', 'Contanti', 0.00, 98.00, '2', 'Acquisto bocchino tuba Yamaha  e marsupio tuba Dampi. ', 5, '2006-11-11', 'N', 'sergio.belli', '2006', '2006-11-11', '2006-11-11'),
(431, '239', '2006-10-21', 'Contanti', 805.00, 0.00, '2', ' Entrate a seguito di acquisto biglietti per Pomeriggio Musicale a Milano 2006.  35 persone x 23 euro = 805. ', 33, '2006-10-21', 'N', 'sergio.belli', '2006', '2006-10-21', '2006-10-21'),
(432, '240', '2006-10-27', 'Contanti', 0.00, 495.00, '2', ' Ingresso Concerto di sabato 4 Novembre ore 16:00 nell''ambito del Pomeriggio Musicale a Milano 2006. Posti 38 x 13 euro = 494.00  Compreso di 1 euro per vaglia postale.    ', 33, '2006-10-27', 'N', 'sergio.belli', '2006', '2006-10-27', '2006-10-27'),
(433, '241', '2006-10-04', 'Contanti', 0.00, 300.00, '2', 'Noleggio Pullman Baranzelli nell''ambito del Pomeriggio Musica a Milano 2006  ', 33, '2006-10-04', 'Y', 'sergio.belli', '2006', '2006-10-04', '2006-10-04'),
(434, '241', '2006-11-08', 'Assegno Bancario', 0.00, 160.00, '3', ' Rimborso a Baranzelli per noleggio pullman Servizio a novara 2 giugno 2006 . Numero assegno 3126252630.   ', 34, '2006-06-02', 'N', 'sergio.belli', '2006', '2006-06-02', '2006-06-02'),
(435, '241', '2006-11-08', 'Assegno Bancario', 0.00, 300.00, '3', 'Rimborso Baranzelli per noleggio pullman in occasione del Pomeriggio Musicale a Milano 2006. Numero assegno 3126252630. ', 33, '2006-11-04', 'N', 'sergio.belli', '2006', '2006-11-04', '2006-11-04'),
(436, '243', '2006-11-09', 'Contanti', 0.00, 39.00, '2', 'Acquisto combustibile stufa presso Trony quarona  ', 10, '2006-11-09', 'N', 'sergio.belli', '2006', '2006-11-09', '2006-11-09'),
(437, '115', '2006-12-04', 'Contanti', 0.00, 2.00, '2', 'Acquisto buste per paghe musici 2006    ', 12, '2006-12-04', 'N', 'sergio.belli', '2006', '2006-12-04', '2006-12-04'),
(438, '155', '2006-11-03', 'Contanti', 0.00, 6.40, '2', 'Acquisto raccoglitore per articoli giornali ', 12, '2006-11-03', 'N', 'sergio.belli', '2006', '2006-11-03', '2006-11-03'),
(439, '141', '2006-11-06', 'Contanti', 0.00, 43.40, '2', 'Fotocopie varie ', 12, '2006-11-06', 'N', 'sergio.belli', '2006', '2006-11-06', '2006-11-06'),
(440, '211', '2006-11-06', 'Contanti', 0.00, 1.41, '2', 'Acquisto etichette   ', 12, '2006-11-06', 'N', 'sergio.belli', '2006', '2006-11-06', '2006-11-06'),
(441, '113', '2007-01-30', 'Contanti', 270.00, 0.00, '2', 'Offerta per carnevale Lebbia 2007   ', 22, '2007-01-30', 'N', 'sergio.belli', '2007', '2007-01-30', '2007-01-30'),
(442, '69', '2007-02-25', 'Contanti', 0.00, 204.04, '2', 'Spese tesseramento Anbima 2007.  ', 17, '2007-02-25', 'N', 'sergio.belli', '2007', '2007-02-25', '2007-02-25'),
(443, '238', '2006-12-20', 'Contanti', 0.00, 412.50, '2', 'Spese riparazione 2 trombe ed 1 trombone.', 5, '2006-12-20', 'N', 'sergio.belli', '2006', '2006-12-20', '2006-12-20'),
(444, '236', '2006-06-02', 'Contanti', 0.00, 15.00, '2', 'Rimborso basso gattinara (riccardo) per servizio 2 giugno 2006   ', 27, '2006-06-02', 'N', 'sergio.belli', '2006', '2006-06-02', '2006-06-02'),
(445, '26', '2007-03-04', 'Contanti', 20.00, 0.00, '2', 'Contributo Lezioni Pontini Andrea Novembre / Dicembre 2006 ', 20, '2006-12-31', 'N', 'sergio.belli', '2006', '2006-12-31', '2006-12-31'),
(446, '244', '2007-03-04', 'Contanti', 10.00, 0.00, '2', 'Contributo lezioni Carbone Nicolò Novembre 2006 ', 20, '2006-11-30', 'N', 'sergio.belli', '2006', '2006-11-30', '2006-11-30'),
(447, '202', '2007-03-04', 'Contanti', 20.00, 0.00, '2', 'Contributo lezioni Balzano Massimiliano novembre dicembre 2006 ', 20, '2006-12-31', 'N', 'sergio.belli', '2006', '2006-12-31', '2006-12-31'),
(448, '24', '2007-03-04', 'Contanti', 10.00, 0.00, '2', 'Contributo lezioni Pozzi Carlo dicembre 2006   ', 20, '2006-12-31', 'N', 'sergio.belli', '2006', '2006-12-31', '2006-12-31'),
(449, '24', '2007-03-04', 'Contanti', 10.00, 0.00, '2', '  Contributo lezioni Pozzi Carlo gennaio 2007    ', 20, '2007-01-31', 'N', 'sergio.belli', '2007', '2007-01-31', '2007-01-31'),
(450, '29', '2007-03-04', 'Contanti', 42.00, 0.00, '2', 'Contributo lezioni/strumento Aprile Mauro novembre dicembre 2006 ', 20, '2006-12-31', 'N', 'sergio.belli', '2006', '2006-12-31', '2006-12-31'),
(451, '56', '2007-03-04', 'Contanti', 20.00, 0.00, '2', 'Contributo lezioni Mancin Gabriele gennaio febbraio 2007  ', 20, '2007-02-28', 'N', 'sergio.belli', '2007', '2007-02-28', '2007-02-28'),
(452, '55', '2007-03-04', 'Contanti', 10.00, 0.00, '2', 'Contributo lezioni Moretti Eleonora gennaio 2007 ', 20, '2007-01-31', 'N', 'sergio.belli', '2007', '2007-01-31', '2007-01-31'),
(453, '25', '2007-03-04', 'Contanti', 21.00, 0.00, '2', 'Contributo lezioni Pagnoni Federico gennaio 2007   ', 20, '2007-01-31', 'N', 'sergio.belli', '2007', '2007-01-31', '2007-01-31'),
(454, '25', '2007-03-04', 'Contanti', 21.00, 0.00, '2', 'Contributo lezioni/strumento Pagnoni Federico dicembre 2006   ', 20, '2006-12-31', 'N', 'sergio.belli', '2006', '2006-12-31', '2006-12-31'),
(455, '27', '2007-03-04', 'Contanti', 140.00, 0.00, '2', '                            Contributo lezioni Cascio Antonino e Annalisa marzo/aprile/maggio/giugno Ottobre/novembre/dicembre 2006                        ', 20, '2006-12-31', 'N', 'marica.regis', '2006', '2006-12-31', '2006-12-31'),
(456, '25', '2007-03-04', 'Contanti', 21.00, 0.00, '2', 'Contributo lezioni/strumento Pagnoni Federico novembre 2006 ', 20, '2006-11-30', 'N', 'sergio.belli', '2006', '2006-11-30', '2006-11-30'),
(457, '55', '2007-03-04', 'Contanti', 20.00, 0.00, '2', 'Contributo lezioni Moretti Eleonora novembre dicembre 2006    ', 20, '2006-12-31', 'N', 'sergio.belli', '2006', '2006-12-31', '2006-12-31'),
(458, '220', '2007-03-04', 'Contanti', 20.00, 0.00, '2', 'Contributo lezioni Vaccaro Vito novembre dicembre 2006  ', 20, '2006-12-31', 'N', 'sergio.belli', '2006', '2006-12-31', '2006-12-31'),
(459, '220', '2007-03-04', 'Contanti', 10.00, 0.00, '2', 'Contributo lezioni Vaccaro Vito gennaio 2007 ', 20, '2007-01-31', 'N', 'sergio.belli', '2007', '2007-01-31', '2007-01-31'),
(460, '245', '2007-03-04', 'Contanti', 0.00, 35.00, '2', 'Acquisto cesto prodotti equo solidali presso La Bottega del Mondo   ', 29, '2006-12-31', 'N', 'sergio.belli', '2006', '2006-12-31', '2006-12-31'),
(461, '23', '2007-03-04', 'Contanti', 40.00, 0.00, '2', 'Contributo lezioni Famiglia Agazzini novembre dicembre 2006', 20, '2006-12-31', 'N', 'sergio.belli', '2006', '2006-12-31', '2006-12-31'),
(462, '222', '2007-03-04', 'Contanti', 20.00, 0.00, '2', 'Contributo lezioni Mingolla Paola novembre dicembre 2006 ', 20, '2006-12-31', 'N', 'sergio.belli', '2006', '2006-12-31', '2006-12-31'),
(463, '58', '2007-03-04', 'Contanti', 30.00, 0.00, '2', 'Contributo lezioni Schizzerotto Leonardo ottobre novembre dicembre 2006   ', 20, '2006-12-31', 'N', 'sergio.belli', '2006', '2006-12-31', '2006-12-31'),
(464, '58', '2007-03-04', 'Contanti', 10.00, 0.00, '2', 'Contributo lezioni Schizzerotto Leonardo gennaio 2007  ', 20, '2007-01-31', 'N', 'sergio.belli', '2007', '2007-01-31', '2007-01-31'),
(465, '258', '2007-03-04', 'Contanti', 10.00, 0.00, '2', 'Tessera 2006 Donetti Roberto  ', 18, '2006-12-31', 'N', 'sergio.belli', '2006', '2006-12-31', '2006-12-31'),
(466, '257', '2007-03-04', 'Contanti', 10.00, 0.00, '2', 'Tessera 2006 Donetti Maris   ', 18, '2006-12-31', 'N', 'sergio.belli', '2006', '2006-12-31', '2006-12-31'),
(467, '256', '2007-03-04', 'Contanti', 10.00, 0.00, '2', 'Tessera 2006 Canobio Angioletta    ', 18, '2006-12-31', 'N', 'sergio.belli', '2006', '2006-12-31', '2006-12-31'),
(468, '255', '2007-03-04', 'Contanti', 6.00, 0.00, '2', 'Tessera 2006 Arienta Maria Rosa', 18, '2006-12-31', 'N', 'sergio.belli', '2006', '2006-12-31', '2006-12-31'),
(469, '254', '2007-03-04', 'Contanti', 6.00, 0.00, '2', 'Tessera 2006 Sagliaschi Wilma', 18, '2006-12-31', 'N', 'sergio.belli', '2006', '2006-12-31', '2006-12-31'),
(470, '253', '2007-03-04', 'Contanti', 6.00, 0.00, '2', 'Tessera 2006 Roggero Gianfranco', 18, '2006-12-31', 'N', 'sergio.belli', '2006', '2006-12-31', '2006-12-31'),
(471, '252', '2007-03-04', 'Contanti', 6.00, 0.00, '2', 'Tessera 2006 Bondesan Giuseppe', 18, '2006-12-31', 'N', 'sergio.belli', '2006', '2006-12-31', '2006-12-31'),
(472, '251', '2007-03-04', 'Contanti', 6.00, 0.00, '2', 'Tessera 2006 Arvotti Luciana', 18, '2006-12-31', 'N', 'sergio.belli', '2006', '2006-12-31', '2006-12-31'),
(473, '250', '2007-03-04', 'Contanti', 20.00, 0.00, '2', 'Tessera 2006 Monti Rosina', 18, '2006-12-31', 'N', 'sergio.belli', '2006', '2006-12-31', '2006-12-31'),
(474, '249', '2007-03-04', 'Contanti', 15.00, 0.00, '2', 'Tessera 2006 Negri Luciana', 18, '2006-12-31', 'N', 'sergio.belli', '2006', '2006-12-31', '2006-12-31'),
(475, '106', '2007-03-04', 'Contanti', 15.00, 0.00, '2', 'Tessera 2006 Negri Rosanna', 18, '2006-12-31', 'N', 'sergio.belli', '2006', '2006-12-31', '2006-12-31'),
(476, '232', '2007-03-04', 'Contanti', 10.00, 0.00, '2', 'Tessera 2006 Dal Fovo Antonio', 18, '2006-12-31', 'N', 'sergio.belli', '2006', '2006-12-31', '2006-12-31'),
(477, '248', '2007-03-04', 'Contanti', 10.00, 0.00, '2', 'Tessera 2006 Molli Luciana', 18, '2006-12-31', 'N', 'sergio.belli', '2006', '2006-12-31', '2006-12-31'),
(478, '247', '2007-03-04', 'Contanti', 10.00, 0.00, '2', 'Tessera 2006 Bertolini Renzo', 18, '2006-12-31', 'N', 'sergio.belli', '2006', '2006-12-31', '2006-12-31'),
(479, '246', '2007-03-04', 'Contanti', 6.00, 0.00, '2', 'Tessera 2006 Covini Daria', 18, '2006-12-31', 'N', 'sergio.belli', '2006', '2006-12-31', '2006-12-31'),
(480, '246', '2007-03-04', 'Contanti', 25.00, 0.00, '2', 'Oblazione Covini Daria', 18, '2006-12-31', 'N', 'sergio.belli', '2006', '2006-12-31', '2006-12-31'),
(481, '83', '2007-02-07', 'Bonifico Bancario', 2500.00, 0.00, '3', 'Rimborso spese servizi 2006 Comune Grignasco', 19, '2007-02-06', 'N', 'sergio.belli', '2007', '2007-02-06', '2007-02-06'),
(482, '233', '2007-03-04', 'Contanti', 2019.50, 0.00, '2', '                            DONAZIONE PER ACQUISTI E MANUTENZIONE STRUMENTI                        ', 30, '2007-03-04', 'N', 'sergio.belli', '2006', '2007-03-04', '2007-03-04'),
(483, '103', '2006-01-01', 'Contanti', 1045.44, 0.00, '2', 'Oblazione soci. ', 18, '2006-01-01', 'Y', 'sergio.belli', '2006', '2006-01-01', '2006-01-01'),
(484, '103', '2007-01-01', 'Contanti', 17911.37, 0.00, '2', '                                                                                         saldo iniziale 2007                                                                          ', 32, '2006-12-31', 'N', 'corrado.baglioni', '2007', '2006-12-31', '2006-12-31'),
(485, '34', '2007-03-15', 'Contanti', 0.00, 58.50, '2', ' Rimborso Maestro Giuliani Roberto febbraio 2007', 2, '2007-03-15', 'N', 'sergio.belli', '2007', '2007-03-15', '2007-03-15'),
(486, '65', '2007-03-15', 'Assegno Bancario', 0.00, 600.00, '3', '                             Rimborso Maestri Platini Fabrizio gennaio/febbraio 2007.   \r\nASSEGNO NR 3173573046                 ', 2, '2007-03-15', 'N', 'sergio.belli', '2007', '2007-03-15', '2007-03-15'),
(487, '67', '2007-03-15', 'Contanti', 0.00, 260.00, '2', ' Rimborso Maestri De Angelis Roberto 1° semestre 2006/2007', 2, '2007-03-15', 'N', 'sergio.belli', '2007', '2007-03-15', '2007-03-15'),
(488, '260', '2007-03-15', 'Contanti', 0.00, 18.00, '2', ' Spese per acquisto buste plastificate.', 12, '2007-03-15', 'N', 'sergio.belli', '2007', '2007-03-15', '2007-03-15'),
(489, '132', '2007-02-17', 'Assegno Bancario', 796.05, 0.00, '3', ' Assegno per servizio a Novara 2 giugno 2006', 22, '2007-02-17', 'N', 'sergio.belli', '2007', '2007-02-17', '2007-02-17'),
(490, '130', '2006-12-01', 'Bonifico Bancario', 0.00, 12.00, '3', ' Canone annuale Intesa Online   . CANONE ANNUALE INTESA ONLINE PERIODO 12/2006-12/2007 ', 15, '2006-12-01', 'N', 'sergio.belli', '2006', '2006-12-01', '2006-12-01'),
(491, '132', '2006-08-07', 'Bonifico Bancario', 696.05, 0.00, '3', ' Servizio Novara 6/12/2005', 22, '2006-08-08', 'N', 'sergio.belli', '2006', '2006-08-08', '2006-08-08'),
(492, '65', '2006-02-06', 'Assegno Bancario', 0.00, 482.00, '3', 'Rimborso spese Platini Fabrizio periodo novembre/dicembre 2005. Assegno numero 3126252626.', 2, '2006-02-01', 'N', 'sergio.belli', '2006', '2006-02-01', '2006-02-01'),
(493, '241', '2006-02-01', 'Bonifico Bancario', 0.00, 515.01, '3', 'DATA ORDINE 01/02/06 A FAVORE BARANZELLI C/O 03226 10100.', 34, '2006-02-01', 'N', 'sergio.belli', '2006', '2006-02-01', '2006-02-01'),
(494, '130', '2006-02-01', 'Bonifico Bancario', 0.00, 3.50, '3', 'Commissioni varie ', 15, '2006-02-01', 'N', 'sergio.belli', '2006', '2006-02-01', '2006-02-01'),
(495, '103', '2006-01-31', 'Ricevuta Bancaria', 0.00, 84.72, '3', 'Ricevuta Bancaria', 1, '2006-01-31', 'N', 'sergio.belli', '2006', '2006-01-31', '2006-01-31'),
(496, '7', '2007-04-05', 'Assegno Bancario', 500.00, 0.00, '3', 'Rimborso Servizio Carnevale Grignasco Giubiacia                                    ', 22, '2007-04-05', 'N', 'sergio.belli', '2007', '2007-04-05', '2007-04-05'),
(497, '129', '2007-04-10', 'Bonifico Bancario', 0.00, 32.05, '3', 'Enel              febbraio-marzo 2007                                       ', 9, '2007-04-10', 'N', 'sergio.belli', '2007', '2007-04-10', '2007-04-10'),
(498, '130', '2007-03-31', 'Bonifico Bancario', 0.00, 18.45, '3', '    IMPOSTA DI BOLLO SU CONTO CORRENTE                                                ', 15, '2007-04-03', 'N', 'sergio.belli', '2007', '2007-04-03', '2007-04-03'),
(499, '130', '2007-03-31', 'Bonifico Bancario', 0.00, 3.00, '3', '                     COMMISSIONE INVIO E/CONTO E LETTERE TRASPARENZA                               ', 15, '2007-04-03', 'N', 'sergio.belli', '2007', '2007-04-03', '2007-04-03'),
(500, '130', '2007-03-31', 'Bonifico Bancario', 0.00, 26.19, '3', '                                                     COMPETENZE                                                   ', 15, '2007-04-03', 'N', 'sergio.belli', '2007', '2007-04-03', '2007-04-03'),
(501, '84', '2007-05-05', 'Contanti', 0.00, 344.50, '2', '                            Rimborso spese Negri Gilberto  per periodo marzo-aprile 2007.\r\nOre di lezione =  26,5                                       ', 2, '2007-05-05', 'N', 'sergio.belli', '2007', '2007-05-05', '2007-05-05'),
(502, '34', '2007-05-05', 'Contanti', 0.00, 71.50, '2', '                            Rimborso spese Giuliani Roberto per periodo marzo 2007\r\nOre di lezione =   5,5.                                                                            ', 2, '2007-05-05', 'N', 'sergio.belli', '2007', '2007-05-05', '2007-05-05'),
(503, '103', '2006-01-01', 'Contanti', 1045.44, 0.00, '2', '                            Oblazione soci                        ', 18, '2006-01-01', 'N', 'corrado.baglioni', '2006', '2006-01-01', '2006-01-01'),
(504, '72', '2007-05-11', 'Contanti', 203.00, 0.00, '2', 'Tesseramento soci 2007 - Sede Marica', 18, '2007-05-11', 'N', 'sergio.belli', '2007', '2007-05-11', '2007-05-11'),
(505, '236', '2007-05-11', 'Contanti', 0.00, 30.00, '2', 'Rimborso spese Riccardo basso di gattinara per servizi 25 aprile e primo maggio', 27, '2007-05-11', 'N', 'sergio.belli', '2007', '2007-05-11', '2007-05-11'),
(506, '195', '2007-05-11', 'Contanti', 209.00, 0.00, '2', 'Tesseramento soci 2007 - Bertolini', 18, '2007-05-11', 'N', 'sergio.belli', '2007', '2007-05-11', '2007-05-11'),
(507, '236', '2007-05-11', 'Contanti', 0.00, 15.00, '2', 'Rimborso spese Riccardo per servizio di novara 24 febbraio 2007', 27, '2007-05-11', 'N', 'sergio.belli', '2007', '2007-05-11', '2007-05-11'),
(508, '223', '2007-05-11', 'Contanti', 0.00, 30.00, '2', 'Rimborso spese per Gregorio e Alberto di Confienza per servizio di Novara 24 febbraio 2007.', 27, '2007-05-11', 'N', 'sergio.belli', '2007', '2007-05-11', '2007-05-11'),
(509, '261', '2007-05-11', 'Contanti', 0.00, 60.00, '2', '                            Spese per Calendario Associazioni 2007                        ', 14, '2007-05-11', 'N', 'sergio.belli', '2007', '2007-05-11', '2007-05-11'),
(510, '72', '2007-05-11', 'Contanti', 0.00, 6.80, '2', 'Rimborso  a Marica per raccomandate Silvestri e Tosetti', 3, '2007-05-11', 'N', 'sergio.belli', '2007', '2007-05-11', '2007-05-11'),
(511, '84', '2007-05-11', 'Contanti', 0.00, 234.00, '2', 'Rimborso spese Negri Gilberto periodo gennaio/febbraio 2007.', 2, '2007-05-11', 'N', 'sergio.belli', '2007', '2007-05-11', '2007-05-11'),
(512, '85', '2007-05-11', 'Contanti', 0.00, 50.00, '2', 'Spese per preventivo riparazione fotocopiatrice.\r\nFattura EssegiUfficio numero 458 del 13/04/07', 35, '2007-05-11', 'N', 'sergio.belli', '2007', '2007-05-11', '2007-05-11'),
(513, '253', '2007-05-11', 'Contanti', 10.00, 0.00, '2', 'Tesseramento 2007 Roggero GianFranco', 18, '2007-05-11', 'N', 'sergio.belli', '2007', '2007-05-11', '2007-05-11'),
(514, '262', '2007-05-11', 'Contanti', 10.00, 0.00, '2', '                            Tesseramento 2007 Cacciami Antonio                        ', 18, '2007-05-11', 'N', 'sergio.belli', '2007', '2007-05-11', '2007-05-11'),
(515, '263', '2007-05-11', 'Contanti', 10.00, 0.00, '2', '                            Tesseramento 2007 Guglielmina Umberto                        ', 18, '2007-05-11', 'N', 'sergio.belli', '2007', '2007-05-11', '2007-05-11'),
(516, '72', '2007-05-11', 'Contanti', 0.00, 10.20, '2', 'Acquisto Francobolli', 3, '2007-05-11', 'N', 'sergio.belli', '2007', '2007-05-11', '2007-05-11'),
(517, '65', '2007-05-11', 'Assegno Bancario', 0.00, 600.00, '3', '                                                        Rimborso spese maestro Platini Fabrizio          Marzo / Aprile 2007     .  Numero assegno 3173573048                .                                                                      ', 2, '2007-05-11', 'N', 'sergio.belli', '2007', '2007-05-11', '2007-05-11'),
(518, '65', '2007-05-10', 'Assegno Bancario', 0.00, 600.00, '3', 'Rimborso spese maestro Platini Fabrizio periodo maggio / giugno 2007                                                    ', 2, '2007-05-11', 'Y', 'sergio.belli', '2007', '2007-05-11', '2007-05-11'),
(519, '69', '2007-07-25', 'Bonifico Bancario', 999999.99, 0.00, '3', 'xxxxxxxxxxxxxxxxxxxxxxxxxxxxxxxxxxxx', 6, '2007-07-25', 'Y', 'sergio.belli', '2007', '2007-07-25', '2007-07-25'),
(520, '72', '2007-07-24', 'Contanti', 0.00, 43.41, '2', 'Rimborso a Marica Regis per acquisto attrezzatura pulizia nuova sede.', 3, '2007-07-24', 'N', 'sergio.belli', '2007', '2007-07-24', '2007-07-24'),
(521, '86', '2007-07-24', 'Contanti', 0.00, 100.00, '2', 'Spesa acquisto ricarica cellulare. Denaro anticipato e saldato ad Ezio Borelli.', 31, '2007-07-24', 'N', 'sergio.belli', '2007', '2007-07-24', '2007-07-24'),
(522, '264', '2007-07-28', 'Contanti', 0.00, 690.00, '2', '                            Rimborso Esterni  Concerto 28 / 07 / 2007.\r\nElenco musici:\r\nDe Paoli Alessandra 30 euro\r\nRaffaella (Ghemme) 25 euro                                        \r\nEvelina (Gattinara) 25 euro\r\nRondi 25 euro\r\nPaola Sogno 25 euro\r\nVaudano Andrea 25 euro\r\nSax Gattinara 25 euro\r\nCalligaris 25 euro\r\nCanella Egidio 30 euro\r\nGiletti e Moglie 100 euro\r\nRoberto 30 euro\r\nPoli e figlio 75 euro\r\nBertolino 25 euro\r\nDue corni 200 euro\r\nCanclini 25 euro                         ', 27, '2007-07-28', 'N', 'corrado.baglioni', '2007', '2007-07-28', '2007-07-28'),
(523, '236', '2007-06-02', 'Contanti', 0.00, 15.00, '2', 'Rimborso esterni Basso di Gattinara  per servizio di novara del 2 giugno 2007                                                    ', 27, '2007-06-02', 'N', 'sergio.belli', '2007', '2007-06-02', '2007-06-02'),
(524, '265', '2007-07-22', 'Contanti', 450.00, 0.00, '2', '                            Offerta da Parte del Comune di Campertogno per il servizio del 22 luglio 2007                                                                            ', 22, '2007-07-22', 'N', 'sergio.belli', '2007', '2007-07-22', '2007-07-22'),
(525, '135', '2007-08-05', 'Contanti', 290.00, 0.00, '2', '                                   Offerta da parte della Parrocchia di Valpiana per il servizio del 5 agosto 2007                                                                     ', 22, '2007-08-05', 'N', 'sergio.belli', '2007', '2007-08-05', '2007-08-05'),
(526, '86', '2007-07-23', 'Contanti', 0.00, 100.00, '2', 'Ricarica telefonica                                          ', 31, '2007-07-23', 'N', 'sergio.belli', '2007', '2007-07-23', '2007-07-23'),
(527, '266', '2007-07-27', 'Contanti', 0.00, 25.00, '2', '                            Acquisto \r\nciabatta elettrica \r\nappendiquadri                    \r\nduplicazione chiavi sede nuova          \r\naste tende                                              ', 38, '2007-07-27', 'N', 'sergio.belli', '2007', '2007-07-27', '2007-07-27'),
(528, '206', '2007-06-28', 'Contanti', 0.00, 40.00, '2', '                      Acquisto biscotti per rinfresco saggio allievi                              ', 13, '2007-06-28', 'N', 'sergio.belli', '2007', '2007-06-28', '2007-06-28'),
(529, '125', '2007-07-28', 'Contanti', 0.00, 50.00, '2', 'Rimborso spese semestrale Alessio                                                    ', 27, '2007-07-28', 'N', 'sergio.belli', '2007', '2007-07-28', '2007-07-28'),
(530, '267', '2007-06-28', 'Contanti', 0.00, 13.45, '2', '                            Acquisto\r\nliquido citronella per ficcole per saggio allievi                                                   ', 13, '2007-06-28', 'N', 'sergio.belli', '2007', '2007-06-28', '2007-06-28'),
(531, '72', '2007-07-28', 'Contanti', 0.00, 70.00, '2', 'Spese rinfresco per Inaugurazione Nuova Sede                                                    ', 13, '2007-07-28', 'N', 'sergio.belli', '2007', '2007-07-28', '2007-07-28'),
(532, '268', '2007-07-27', 'Contanti', 0.00, 100.00, '2', '                            Acquisto lampada sede nuova                                                                            ', 38, '2007-07-27', 'N', 'sergio.belli', '2007', '2007-07-27', '2007-07-27'),
(533, '83', '2007-08-13', 'Contanti', 0.00, 15.00, '2', 'Spese marche da bollo per                  contratto comodato gratuito Nuova Sede                                   ', 3, '2007-08-13', 'N', 'sergio.belli', '2007', '2007-08-13', '2007-08-13'),
(534, '228', '2007-07-27', 'Contanti', 0.00, 35.00, '2', '                            Spese per pulizia nuova sede                                                                            ', 38, '2007-07-27', 'N', 'sergio.belli', '2007', '2007-07-27', '2007-07-27'),
(535, '72', '2007-08-13', 'Contanti', 0.00, 3.80, '2', 'Raccomandata                  per I                                  invio bilancio consuntivo 2006 per erogazione contributo statale ', 0, '2007-08-13', 'N', 'sergio.belli', '2007', '2007-08-13', '2007-08-13'),
(536, '129', '2007-08-11', 'Bonifico Bancario', 0.00, 41.12, '3', '                            Spese per energia elettrica periodo giugno/luglio 2007                                                                            ', 9, '2007-08-13', 'N', 'corrado.baglioni', '2007', '2007-08-13', '2007-08-13'),
(537, '129', '2007-06-11', 'Bonifico Bancario', 0.00, 40.45, '3', 'Spese energia elettrica periodo aprile/maggio 2007                                                    ', 9, '2007-06-11', 'N', 'sergio.belli', '2007', '2007-06-11', '2007-06-11'),
(538, '210', '2007-07-28', 'Contanti', 421.32, 0.00, '2', 'Offerte ricevute durante il concerto del 28 luglio 2007                                                    ', 22, '2007-07-28', 'N', 'sergio.belli', '2007', '2007-07-28', '2007-07-28'),
(539, '264', '2007-06-03', 'Contanti', 0.00, 755.00, '2', 'Rimborso esterni per concerto del 3 giugno 2007.\r\nMusici : \r\nPavan Chiara 25 euro\r\nDe Paoli Alessandra 45 euro\r\nAnna 25 euro\r\nCapone Marcello 25 euro\r\nRondi 25 euro\r\nCosimo 60 euro\r\nCanella Egidio 30 euro\r\nBussolino Wilmo 25 euro\r\nVaudano 25 euro\r\nFrancesca Mosca 50 euro\r\nValerio 50 euro\r\nPoli Paolo 75 euro\r\nPoli Stefano 50 euro\r\nBasso 30 euro\r\nDomenico 25 euro\r\nCalligaris 25 euro\r\nConfienza Alberto 60 euro\r\nConfienza Gregorio 45 euro\r\nTrombone 30 euro\r\nRoberto 30 euro\r\n\r\n\r\n\r\n\r\n\r\n\r\n\r\n\r\n\r\n\r\n\r\n\r\n\r\n\r\n\r\n\r\n', 27, '2007-06-03', 'N', 'sergio.belli', '2007', '2007-06-03', '2007-06-03'),
(540, '89', '2007-06-03', 'Contanti', 25.00, 0.00, '2', 'Oblazione concerto 3 giugno Domenico                                                    ', 18, '2007-06-03', 'N', 'sergio.belli', '2007', '2007-06-03', '2007-06-03'),
(541, '78', '2007-06-03', 'Contanti', 25.00, 0.00, '2', 'Oblazione concerto 4 giugno                                                    ', 18, '2007-06-03', 'N', 'sergio.belli', '2007', '2007-06-03', '2007-06-03'),
(542, '98', '2007-06-03', 'Contanti', 25.00, 0.00, '2', 'Oblazione concerto 3 giugno                                                    ', 18, '2007-06-03', 'N', 'sergio.belli', '2007', '2007-06-03', '2007-06-03'),
(543, '78', '2007-07-28', 'Contanti', 25.00, 0.00, '2', '                                                    Oblazione concerto 28 giugno', 18, '2007-07-28', 'N', 'sergio.belli', '2007', '2007-07-28', '2007-07-28'),
(544, '269', '2007-07-28', 'Contanti', 25.00, 0.00, '2', '                                                    Oblazione concerto 28 luglio', 18, '2007-07-28', 'N', 'sergio.belli', '2007', '2007-07-28', '2007-07-28'),
(545, '270', '2007-07-26', 'Contanti', 1972.80, 0.00, '2', 'Contributo provinciale scuola allievi anno 2007                                                    ', 26, '2007-07-26', 'N', 'sergio.belli', '2007', '2007-07-26', '2007-07-26'),
(546, '232', '2007-07-24', 'Contanti', 4.80, 0.00, '2', '                                                    Oblazione Dal Fovo Antonio', 18, '2007-07-24', 'N', 'sergio.belli', '2007', '2007-07-24', '2007-07-24');
INSERT INTO `sd_movimenti` (`ID_Movimento`, `ID_Soggetto`, `Data_Valuta`, `Tipo_Pagamento`, `Entrate`, `Uscite`, `ID_Banca`, `Descrizione`, `Id_Voce_Bilancio`, `Data_Competenza`, `Deleted`, `ID_Admin`, `Anno_Bilancio`, `data_inserimento`, `data_modifica`) VALUES 
(547, '211', '2007-06-03', 'Contanti', 0.00, 40.99, '2', 'Spesa per rinfresco concerto 3 giugno 2007                                                    ', 13, '2007-06-03', 'N', 'sergio.belli', '2007', '2007-06-03', '2007-06-03'),
(548, '212', '2007-06-03', 'Contanti', 0.00, 40.00, '2', '                   Spesa per rinfresco concerto 3 giugno 2007                                 ', 13, '2007-06-03', 'N', 'sergio.belli', '2007', '2007-06-03', '2007-06-03'),
(549, '206', '2007-06-03', 'Contanti', 0.00, 14.00, '2', '                                                    Spesa per rinfresco concerto 3 giugno 2007', 13, '2007-06-03', 'N', 'sergio.belli', '2007', '2007-06-03', '2007-06-03'),
(550, '132', '2007-06-03', 'Contanti', 0.00, 3.62, '2', 'Marche da bollo per Comune di Novara                                                    ', 3, '2007-06-03', 'N', 'sergio.belli', '2007', '2007-06-03', '2007-06-03'),
(551, '241', '2007-05-19', 'Contanti', 0.00, 370.00, '2', 'Ingresso Concerto del 20 Maggio 2007 per il Pomeriggio Musicale a Milano 2007.             ', 33, '2007-05-19', 'N', 'sergio.belli', '2007', '2007-05-19', '2007-05-19'),
(552, '239', '2007-05-19', 'Contanti', 325.50, 0.00, '2', '                                                    Rimborso spese trasporto da partecipanti al pomeriggio musicale 2007', 33, '2007-05-19', 'N', 'sergio.belli', '2007', '2007-05-19', '2007-05-19'),
(553, '271', '2007-06-17', 'Contanti', 270.00, 0.00, '2', 'Offerta ricevuta da Oratorio San Bernardo per il servizio del 17 giugno 2007                                                    ', 22, '2007-06-17', 'N', 'sergio.belli', '2007', '2007-06-17', '2007-06-17'),
(554, '272', '2007-05-27', 'Contanti', 270.00, 0.00, '2', 'Offerta per servizio alpini valbusaga del 27 maggio 2007                                                    ', 22, '2007-05-27', 'N', 'sergio.belli', '2007', '2007-05-27', '2007-05-27'),
(555, '273', '2007-06-13', 'Contanti', 500.00, 0.00, '2', '              Offerta per servizio compleanno Palma Urano giugno 2006                                      ', 22, '2007-06-13', 'N', 'sergio.belli', '2007', '2007-06-13', '2007-06-13'),
(556, '204', '2007-06-17', 'Contanti', 0.00, 330.00, '2', 'Pranzo Festa Alpini 2007 dopo servizio                                                     ', 13, '2007-06-17', 'N', 'sergio.belli', '2007', '2007-06-17', '2007-06-17'),
(557, '151', '2007-06-17', 'Contanti', 15.00, 0.00, '2', '                                               Oblazione Donatella per pranzo alpini 2007                                                         ', 18, '2007-06-17', 'N', 'marica.regis', '2007', '2007-06-17', '2007-06-17'),
(558, '274', '2007-05-13', 'Contanti', 100.00, 0.00, '2', 'Tessera euro 10\r\nOblazione euro 90                                                    ', 18, '2007-05-13', 'N', 'sergio.belli', '2007', '2007-05-13', '2007-05-13'),
(559, '6', '2007-05-13', 'Contanti', 270.00, 0.00, '2', 'Offerta per servizio Festa San Rocco 2007 Piane sesia                                                     ', 22, '2007-05-13', 'N', 'sergio.belli', '2007', '2007-05-13', '2007-05-13'),
(560, '34', '2007-05-09', 'Contanti', 0.00, 104.50, '2', 'Rimborso Spese Giuliani Roberto per periodo Aprile 2007 ore 6,5 x 13. Più musica insieme                                                    ', 2, '2007-05-09', 'N', 'sergio.belli', '2007', '2007-05-09', '2007-05-09'),
(561, '34', '2007-07-07', 'Contanti', 0.00, 335.00, '2', '                                                    Rimborso spese maestri Giuliani Roberto per periodo maggio / giugno 2007.\r\nOre 14 + musica d insieme', 2, '2007-07-07', 'N', 'sergio.belli', '2007', '2007-07-07', '2007-07-07'),
(562, '84', '2007-07-07', 'Contanti', 0.00, 247.00, '2', '                                                                                Rimborso spese maestri Gilberto Negri periodo maggio / giugno 2007.\r\nTotale ore 19                        ', 2, '2007-07-07', 'N', 'sergio.belli', '2007', '2007-07-07', '2007-07-07'),
(563, '65', '2007-07-07', 'Assegno Bancario', 0.00, 600.00, '3', '                                                    Rimborso spese maestri Platini Fabrizio periodo maggio / giugno 2007.\r\n\r\nNumero assegno 3173573049', 2, '2007-07-07', 'N', 'sergio.belli', '2007', '2007-07-07', '2007-07-07'),
(564, '59', '2007-05-09', 'Contanti', 240.00, 0.00, '2', '                                                    Offerta per servizio cimitero 30 marzo 2007', 22, '2007-05-09', 'N', 'sergio.belli', '2007', '2007-05-09', '2007-05-09'),
(565, '275', '2007-08-14', 'Contanti', 15.00, 0.00, '2', '                                                                                Oblazione Signor Velatta                        ', 18, '2007-08-14', 'N', 'sergio.belli', '2007', '2007-08-14', '2007-08-14'),
(566, '276', '2007-05-20', 'Contanti', 50.00, 0.00, '2', '                                                    Oblazione Zanaroli Mario per sveglia Primo Maggio', 18, '2007-05-20', 'N', 'sergio.belli', '2007', '2007-05-20', '2007-05-20'),
(567, '223', '2007-03-31', 'Contanti', 32.00, 0.00, '2', '                                                    Oblazione da musici di confienza', 18, '2007-03-31', 'N', 'sergio.belli', '2007', '2007-03-31', '2007-03-31'),
(568, '69', '2007-03-31', 'Contanti', 0.00, 11.00, '2', 'Abbonamento rivista Risveglio Musicale', 17, '2007-03-31', 'N', 'sergio.belli', '2007', '2007-03-31', '2007-03-31'),
(569, '241', '2007-05-08', 'Assegno Bancario', 0.00, 260.00, '3', 'Trasporto per servizio Una Provincia in Cartolina                                                    ', 34, '2007-05-08', 'N', 'sergio.belli', '2007', '2007-05-08', '2007-05-08'),
(570, '131', '2007-06-22', 'Bonifico Bancario', 267.00, 0.00, '3', '                                                    Bonifico da Comune Prato Sesia per servizio primo maggio 2007.\r\n(commissioni pari a 3 euro)', 22, '2007-06-22', 'N', 'sergio.belli', '2007', '2007-06-22', '2007-06-22'),
(571, '231', '2007-01-25', 'Bonifico Bancario', 0.00, 164.64, '3', 'Oneri SIAE anno 2007', 8, '2007-01-25', 'N', 'sergio.belli', '2007', '2007-01-25', '2007-01-25'),
(572, '241', '2007-09-03', 'Contanti', 0.00, 260.00, '2', 'Rimborso a Baranzelli per Servizio Novara/Lumellogno 02/06/2007                 ', 34, '2007-09-03', 'N', 'sergio.belli', '2007', '2007-09-03', '2007-09-03'),
(573, '137', '2007-08-16', 'Contanti', 240.00, 0.00, '2', 'Rimborso per servizio di San Rocco del 16/08/2007                                                    ', 22, '2007-08-16', 'N', 'sergio.belli', '2007', '2007-08-16', '2007-08-16'),
(574, '277', '2007-10-11', 'Contanti', 0.00, 120.00, '2', 'Rimborso a Evelina (di gattinara) per corso promozionale scuole media                                                     ', 2, '2007-10-11', 'N', 'sergio.belli', '2007', '2007-10-11', '2007-10-11'),
(575, '196', '2007-11-11', 'Contanti', 0.00, 100.00, '2', '                            Acquisto contatore parziale per sede nuova.                                                                             ', 38, '2007-11-11', 'N', 'sergio.belli', '2007', '2007-11-11', '2007-11-11'),
(576, '136', '2007-08-15', 'Contanti', 240.00, 0.00, '2', 'Rimborso per servizio del 15/08/2007 a grignasco                                                    ', 22, '2007-08-15', 'N', 'sergio.belli', '2007', '2007-08-15', '2007-08-15'),
(577, '137', '2007-08-16', 'Contanti', 0.00, 50.00, '2', 'Acquisto pancetta per merenda del 16 agosto                                                    ', 13, '2007-08-16', 'N', 'sergio.belli', '2007', '2007-08-16', '2007-08-16'),
(578, '243', '2007-10-24', 'Assegno Bancario', 0.00, 39.90, '3', 'Spesa per acquisto Combustibile stufa.\r\n\r\n\r\nVoce appartenente all''assegno numero 3205127644-04                                                    ', 10, '2007-10-24', 'N', 'sergio.belli', '2007', '2007-10-24', '2007-10-24'),
(579, '243', '2007-10-24', 'Contanti', 0.00, 39.90, '2', 'Spesa per acquisto combustibile stufa                                                    ', 10, '2007-10-24', 'N', 'sergio.belli', '2007', '2007-10-24', '2007-10-24'),
(580, '155', '2007-10-24', 'Assegno Bancario', 0.00, 200.00, '3', 'Manutenzione strumenti musicali :\r\n- flauto Mogar;\r\n- flauto Grassi;\r\n- flicorno.\r\n\r\nVoce appartenente all''assegno numero 3205127644-04', 5, '2007-10-24', 'N', 'sergio.belli', '2007', '2007-10-24', '2007-10-24'),
(581, '140', '2007-10-12', 'Contanti', 0.00, 32.00, '2', 'Acquisto bocchino per clarinetto scuola allievi.', 5, '2007-10-12', 'N', 'sergio.belli', '2007', '2007-10-12', '2007-10-12'),
(582, '30', '2007-08-23', 'Contanti', 0.00, 3000.00, '2', 'Versamento contanti su conto per partita di giro             ', 28, '2007-08-23', 'N', 'sergio.belli', '2007', '2007-08-23', '2007-08-23'),
(583, '30', '2007-08-23', 'Versamento Contanti', 3000.00, 0.00, '3', 'Versamento da cassa su conto per partita di giro                 ', 28, '2007-08-23', 'N', 'sergio.belli', '2007', '2007-08-23', '2007-08-23'),
(584, '142', '2007-09-22', 'Contanti', 0.00, 190.00, '2', '                            Premio assicurazione anno 2007                        ', 11, '2007-09-22', 'N', 'sergio.belli', '2007', '2007-09-22', '2007-09-22'),
(585, '144', '2007-10-24', 'Contanti', 0.00, 120.00, '2', 'Acquisto partiture "Willow"  ', 6, '2007-10-24', 'N', 'sergio.belli', '2007', '2007-10-24', '2007-10-24'),
(586, '278', '2007-10-11', 'Contanti', 0.00, 30.00, '2', 'Rimborso a Mantovani (di gattinara) per corso promozionale scuole media', 2, '2007-10-11', 'N', 'sergio.belli', '2007', '2007-10-11', '2007-10-11'),
(587, '278', '2007-10-11', 'Contanti', 30.00, 0.00, '2', 'Oblazione Mantovani (di Gattinara)                                                    ', 18, '2007-10-11', 'N', 'sergio.belli', '2007', '2007-10-11', '2007-10-11'),
(588, '115', '2007-10-13', 'Contanti', 0.00, 21.00, '2', 'Acquisto carta per fotocopie A4                                                    ', 12, '2007-10-13', 'N', 'sergio.belli', '2007', '2007-10-13', '2007-10-13'),
(589, '221', '2007-08-31', 'Contanti', 40.00, 0.00, '2', 'Contributo lezioni Rosaclerio\r\nMarzo Aprile Maggio Giugno 2007', 20, '2007-08-31', 'N', 'sergio.belli', '2007', '2007-08-31', '2007-08-31'),
(590, '279', '2007-08-31', 'Contanti', 10.00, 0.00, '2', ' Contributo lezioni Tomalino   Giugno 2007                                                                            ', 20, '2007-08-31', 'N', 'marica.regis', '2007', '2007-08-31', '2007-08-31'),
(591, '25', '2007-08-31', 'Contanti', 11.00, 0.00, '2', 'Contributo strumento Pagnoni Giugno 2007                                                    ', 20, '2007-08-31', 'N', 'sergio.belli', '2007', '2007-08-31', '2007-08-31'),
(592, '29', '2007-08-31', 'Contanti', 64.00, 0.00, '2', 'Contributo lezioni e strumento Aprile Mauro per Maggio Giugno Luglio Agosto 2007', 20, '2007-08-31', 'N', 'sergio.belli', '2007', '2007-08-31', '2007-08-31'),
(593, '203', '2007-08-31', 'Contanti', 190.00, 0.00, '2', 'Contributo lezione e strumento Massarotti\r\n\r\nNovembre 2006 - Agosto 2007                                                    ', 20, '2007-08-31', 'N', 'sergio.belli', '2007', '2007-08-31', '2007-08-31'),
(594, '27', '2007-08-31', 'Contanti', 100.00, 0.00, '2', '                            Contributo lezioni  Cascio Annalia e Antonino Gennaio - Maggio 2007                                                                            ', 20, '2007-08-31', 'N', 'marica.regis', '2007', '2007-08-31', '2007-08-31'),
(595, '280', '2007-08-31', 'Contanti', 20.00, 0.00, '2', 'Contributo lezioni Saragno Febbraio Marzo 2007              ', 20, '2007-08-31', 'N', 'sergio.belli', '2007', '2007-08-31', '2007-08-31'),
(596, '221', '2007-08-11', 'Contanti', 20.00, 0.00, '2', '          Contributo lezioni Rosaclerio Gennaio Febbraio 2007                                          ', 20, '2007-08-31', 'N', 'sergio.belli', '2007', '2007-08-31', '2007-08-31'),
(597, '281', '2007-08-31', 'Contanti', 40.00, 0.00, '2', 'Contributo lezioni Lasoued Febbraio Marzo 2007                                                    ', 20, '2007-08-31', 'N', 'sergio.belli', '2007', '2007-08-31', '2007-08-31'),
(598, '23', '2007-08-31', 'Contanti', 20.00, 0.00, '2', '               Contributo lezioni Agazzini Gennaio 2007                                     ', 20, '2007-08-31', 'N', 'sergio.belli', '2007', '2007-08-31', '2007-08-31'),
(599, '282', '2007-08-31', 'Contanti', 10.00, 0.00, '2', '                                                            Contributo lezioni Mingolla Gennaio 2007                                                                              ', 20, '2007-08-31', 'N', 'marica.regis', '2007', '2007-08-31', '2007-08-31'),
(600, '23', '2007-08-31', 'Contanti', 20.00, 0.00, '2', '                                      Contributo lezioni Agazzini Febbraio 2007              ', 20, '2007-08-31', 'N', 'sergio.belli', '2007', '2007-08-31', '2007-08-31'),
(601, '282', '2007-08-31', 'Contanti', 10.00, 0.00, '2', '                                      Contributo lezioni Mingolla Febbraio 2007                                                                  ', 20, '2007-08-31', 'N', 'marica.regis', '2007', '2007-08-31', '2007-08-31'),
(602, '283', '2007-08-31', 'Contanti', 10.00, 0.00, '2', '                 Contributo lezioni Andoh Febbraio 2007                                   ', 20, '2007-08-31', 'N', 'sergio.belli', '2007', '2007-08-31', '2007-08-31'),
(603, '26', '2007-08-31', 'Contanti', 20.00, 0.00, '2', '                    Contributo lezioni Pontini Gennaio Febbraio 2007                                ', 20, '2007-08-31', 'N', 'sergio.belli', '2007', '2007-08-31', '2007-08-31'),
(604, '23', '2007-08-31', 'Contanti', 40.00, 0.00, '2', '                          Contributo lezioni Agazzini Marzo Aprile 2007                          ', 20, '2007-08-31', 'N', 'sergio.belli', '2007', '2007-08-31', '2007-08-31'),
(605, '282', '2007-08-31', 'Contanti', 20.00, 0.00, '2', '                                             Contributo lezioni Mingolla Marzo Aprile 2007                                                           ', 20, '2007-08-31', 'N', 'marica.regis', '2007', '2007-08-31', '2007-08-31'),
(606, '284', '2007-08-31', 'Contanti', 10.00, 0.00, '2', '                       Contributo lezioni Granieri Aprile 2007                             ', 20, '2007-08-31', 'N', 'sergio.belli', '2007', '2007-08-31', '2007-08-31'),
(607, '25', '2007-08-31', 'Contanti', 21.00, 0.00, '2', 'Contributo lezioni e strumento Pagnoni Marzo 2007', 20, '2007-08-31', 'N', 'sergio.belli', '2007', '2007-08-31', '2007-08-31'),
(608, '267', '2007-07-28', 'Contanti', 0.00, 9.90, '2', '                            Acquisto cornice per ingrandimento fotografia                                                                            ', 38, '2007-07-28', 'N', 'sergio.belli', '2007', '2007-07-28', '2007-07-28'),
(609, '285', '2007-07-28', 'Contanti', 0.00, 19.35, '2', 'Spese per ingrandimento fotografia Novara                                                    ', 38, '2007-07-28', 'N', 'sergio.belli', '2007', '2007-07-28', '2007-07-28'),
(610, '204', '2007-06-17', 'Contanti', 240.00, 0.00, '2', 'Offerta per servizio Alpini di Grignasco del 17 giugno 2007                                                    ', 22, '2007-06-17', 'N', 'sergio.belli', '2007', '2007-06-17', '2007-06-17'),
(611, '84', '2007-11-02', 'Assegno Bancario', 0.00, 351.00, '3', 'Rimborso spese Maestri Negri Gilberto Settembre Ottobre 2007. Totale ore 27. Assegno numero 3205127645-05', 2, '2007-11-02', 'N', 'sergio.belli', '2007', '2007-11-02', '2007-11-02'),
(612, '67', '2007-10-31', 'Assegno Bancario', 0.00, 182.00, '3', '                   Rimborso spese maestri De Angelis periodo 12/03/2007 - 04/06/2007. Totale ore 14. Assegno numero 3205127643-03                                 ', 2, '2007-10-31', 'N', 'sergio.belli', '2007', '2007-10-31', '2007-10-31'),
(613, '65', '2007-11-07', 'Assegno Bancario', 0.00, 600.00, '3', '                      Rimborso spese maestri Platini periodo Settembre Ottobre 2007. Assegno numero 3205127646-06                              ', 2, '2007-11-07', 'N', 'sergio.belli', '2007', '2007-11-07', '2007-11-07'),
(614, '194', '2007-09-24', 'Contanti', 0.00, 65.00, '2', '          Rimborso spese maestri Bertolini Giugno Luglio 2007. Totale ore 5.                                         ', 2, '2007-09-24', 'N', 'sergio.belli', '2007', '2007-09-24', '2007-09-24'),
(615, '35', '2007-11-01', 'Contanti', 8.00, 0.00, '2', 'Tesseramento socio ordinario 2007                                         - Baglioni                                                  ', 18, '2007-11-01', 'N', 'sergio.belli', '2007', '2007-11-01', '2007-11-01'),
(616, '', '2007-11-01', 'Contanti', 10.00, 0.00, '2', 'Tesseramento socio sostenitore 2007 - Baglioni                                                    ', 18, '2007-11-01', 'N', 'marica.regis', '2007', '2007-11-01', '2007-11-01'),
(617, '36', '2007-11-01', 'Contanti', 10.00, 0.00, '2', 'Tesseramento socio sostenitore 2007 - Baglioni                                                     ', 18, '2007-11-01', 'N', 'marica.regis', '2007', '2007-11-01', '2007-11-01'),
(618, '37', '2007-11-01', 'Contanti', 10.00, 0.00, '2', 'Tesseramento socio sostenitore 2007 - Baglioni                                         ', 18, '2007-11-01', 'N', 'marica.regis', '2007', '2007-11-01', '2007-11-01'),
(619, '38', '2007-11-01', 'Contanti', 6.00, 0.00, '2', 'Tesseramento socio ordinario 2007 - Baglioni                                                     ', 18, '2007-11-01', 'N', 'marica.regis', '2007', '2007-11-01', '2007-11-01'),
(620, '39', '2007-11-01', 'Contanti', 10.00, 0.00, '2', ' Tesseramento socio sostenitore 2007 - Baglioni                                                     ', 18, '2007-11-01', 'N', 'marica.regis', '2007', '2007-11-01', '2007-11-01'),
(621, '40', '2007-11-01', 'Contanti', 10.00, 0.00, '2', ' Tesseramento socio sostenitore 2007 - Baglioni                                                     ', 18, '2007-11-01', 'N', 'marica.regis', '2007', '2007-11-01', '2007-11-01'),
(622, '41', '2007-11-01', 'Contanti', 10.00, 0.00, '2', 'Tesseramento socio sostenitore2007 - Baglioni                                                     ', 18, '2007-11-01', 'N', 'marica.regis', '2007', '2007-11-01', '2007-11-01'),
(623, '42', '2007-11-01', 'Contanti', 10.00, 0.00, '2', 'Tesseramento socio sostenitore 2007 - Baglioni                                                      ', 18, '2007-11-01', 'N', 'marica.regis', '2007', '2007-11-01', '2007-11-01'),
(624, '43', '2007-11-01', 'Contanti', 10.00, 0.00, '2', 'Tesseramento socio sostenitore 2007 - Baglioni                                                    ', 18, '2007-11-01', 'N', 'marica.regis', '2007', '2007-11-01', '2007-11-01'),
(625, '44', '2007-11-01', 'Contanti', 10.00, 0.00, '2', 'Tesseramento socio sostenitore 2007 - Baglioni                                                     ', 18, '2007-11-01', 'N', 'marica.regis', '2007', '2007-11-01', '2007-11-01'),
(626, '45', '2007-11-01', 'Contanti', 10.00, 0.00, '2', ' Tesseramento socio sostenitore 2007 - Baglioni                                                     ', 18, '2007-11-01', 'N', 'marica.regis', '2007', '2007-11-01', '2007-11-01'),
(627, '46', '2007-11-01', 'Contanti', 10.00, 0.00, '2', 'Tesseramento socio sostenitore 2007 - Baglioni                                                     ', 18, '2007-11-01', 'N', 'marica.regis', '2007', '2007-11-01', '2007-11-01'),
(628, '47', '2007-11-01', 'Contanti', 6.00, 0.00, '2', '                                                        Tesseramento socio ordinario 2007 - Baglioni                                                                                                     ', 18, '2007-11-01', 'N', 'marica.regis', '2007', '2007-11-01', '2007-11-01'),
(629, '48', '2007-11-01', 'Contanti', 10.00, 0.00, '2', 'Tesseramento socio sostenitore 2007 - Baglioni                                                    ', 18, '2007-11-01', 'N', 'marica.regis', '2007', '2007-11-01', '2007-11-01'),
(630, '49', '2007-11-01', 'Contanti', 10.00, 0.00, '2', 'Tesseramento socio sostenitore 2007 - Baglioni                                                     ', 18, '2007-11-01', 'N', 'marica.regis', '2007', '2007-11-01', '2007-11-01'),
(631, '50', '2007-11-01', 'Contanti', 10.00, 0.00, '2', 'Tesseramento socio sostenitore 2007 - Baglioni                                                     ', 18, '2007-11-01', 'N', 'marica.regis', '2007', '2007-11-01', '2007-11-01'),
(632, '52', '2007-11-01', 'Contanti', 10.00, 0.00, '2', 'Tesseramento socio sostenitore 2007 - Baglioni                                                     ', 18, '2007-11-01', 'N', 'marica.regis', '2007', '2007-11-01', '2007-11-01'),
(633, '53', '2007-11-01', 'Contanti', 10.00, 0.00, '2', 'Tesseramento socio sostenitore 2007 - Baglioni                                                      ', 18, '2007-11-01', 'N', 'marica.regis', '2007', '2007-11-01', '2007-11-01'),
(634, '54', '2007-11-01', 'Contanti', 10.00, 0.00, '2', 'Tesseramento socio sostenitore 2007 - Baglioni                                                     ', 18, '2007-11-01', 'N', 'marica.regis', '2007', '2007-11-01', '2007-11-01'),
(635, '286', '2007-11-01', 'Contanti', 20.00, 0.00, '2', 'Tesseramento socio sostenitore 2007 - Baglioni                                                                             ', 18, '2007-11-01', 'N', 'marica.regis', '2007', '2007-11-01', '2007-11-01'),
(636, '244', '2007-08-31', 'Contanti', 51.00, 0.00, '2', 'Contributo lezioni Carbone  Febbraio Marzo Aprile Maggio 07 + strumento Maggio 07 \r\n                                                 ', 20, '2007-08-31', 'N', 'marica.regis', '2007', '2007-08-31', '2007-08-31'),
(637, '26', '2007-08-31', 'Contanti', 10.00, 0.00, '2', 'Contributo lezioni Pontini  Marzo  2007                                              ', 20, '2007-08-31', 'N', 'marica.regis', '2007', '2007-08-31', '2007-08-31'),
(638, '26', '2007-08-31', 'Contanti', 10.00, 0.00, '2', 'Contributo lezioni Pontini Aprile 2007', 20, '2007-08-31', 'N', 'marica.regis', '2007', '2007-08-31', '2007-08-31'),
(639, '58', '2007-08-31', 'Contanti', 40.00, 0.00, '2', 'Contributo lezioni Schizzerotto Febbraio Marzo Aprile Maggio 2007\r\n                                          ', 20, '2007-08-31', 'N', 'marica.regis', '2007', '2007-08-31', '2007-08-31'),
(640, '279', '2007-08-31', 'Contanti', 20.00, 0.00, '2', 'Contributo lezioni Tomalino  Aprile Maggio 2007\r\n                                ', 20, '2007-08-31', 'N', 'marica.regis', '2007', '2007-08-31', '2007-08-31'),
(641, '287', '2007-08-31', 'Contanti', 11.00, 0.00, '2', 'Contributo Strumento Andorno  Giugno 2007                                                    ', 20, '2007-08-31', 'N', 'marica.regis', '2007', '2007-08-31', '2007-08-31'),
(642, '284', '2007-08-31', 'Contanti', 10.00, 0.00, '2', 'Contributo lezioni Granieri Maggio 2007  \r\n                                                  ', 20, '2007-08-31', 'N', 'marica.regis', '2007', '2007-08-31', '2007-08-31'),
(643, '23', '2007-08-31', 'Contanti', 20.00, 0.00, '2', 'Contributo lezioni Agazzini Linda e Lorenzo Maggio 2007\r\n                                                    ', 20, '2007-08-31', 'N', 'marica.regis', '2007', '2007-08-31', '2007-08-31'),
(644, '282', '2007-08-31', 'Contanti', 10.00, 0.00, '2', 'Contributo lezioni Mingolla Maggio 2007 \r\n                                                   ', 20, '2007-08-31', 'N', 'marica.regis', '2007', '2007-08-31', '2007-08-31'),
(645, '25', '2007-08-31', 'Contanti', 21.00, 0.00, '2', 'Contributo lezioni e strumento Pagnoni Maggio 2007\r\n                                                    ', 20, '2007-08-31', 'N', 'marica.regis', '2007', '2007-08-31', '2007-08-31'),
(646, '24', '2007-08-31', 'Contanti', 10.00, 0.00, '2', 'Contributo lezioni Pozzi carlo Maggio 2007\r\n                                      ', 20, '2007-08-31', 'N', 'marica.regis', '2007', '2007-08-31', '2007-08-31'),
(647, '284', '2007-08-31', 'Contanti', 10.00, 0.00, '2', 'Contributo lezioni Granieri Giugno 2007 \r\n                                                   ', 20, '2007-08-31', 'N', 'marica.regis', '2007', '2007-08-31', '2007-08-31'),
(648, '23', '2007-08-31', 'Contanti', 20.00, 0.00, '2', 'Contributo lezioni Agazzini Linda e Lorenzo Giugno 2007\r\n                                                    ', 20, '2007-08-31', 'N', 'marica.regis', '2007', '2007-08-31', '2007-08-31'),
(649, '282', '2007-08-31', 'Contanti', 10.00, 0.00, '2', 'Contributo lezioni Mongolla Giugno 2007\r\n                                                     ', 20, '2007-08-31', 'N', 'marica.regis', '2007', '2007-08-31', '2007-08-31'),
(650, '29', '2007-08-31', 'Contanti', 64.00, 0.00, '2', 'Contributo lezioni Aprile Mauro Marzo Aprile 2007 e strumento Gen./Feb./Marzo/Aprile 2007 \r\n                            ', 20, '2007-08-31', 'N', 'marica.regis', '2007', '2007-08-31', '2007-08-31'),
(651, '24', '2007-08-31', 'Contanti', 30.00, 0.00, '2', 'Contributo lezioni Pozzi Carlo Febbraio   Marzo Aprile 2007   \r\n                                                  ', 20, '2007-08-31', 'N', 'marica.regis', '2007', '2007-08-31', '2007-08-31'),
(652, '281', '2007-08-31', 'Contanti', 40.00, 0.00, '2', 'Contributo lezioni Lasoued Aya e Yed  Aprile Maggio 2007 \r\n                                                   ', 20, '2007-08-31', 'N', 'marica.regis', '2007', '2007-08-31', '2007-08-31'),
(653, '25', '2007-08-31', 'Contanti', 21.00, 0.00, '2', 'Contributo lezioni e strumento Pagnoni Aprile 2007\r\n                                                    ', 20, '2007-08-31', 'N', 'marica.regis', '2007', '2007-08-31', '2007-08-31'),
(654, '287', '2007-08-31', 'Contanti', 21.00, 0.00, '2', 'Contributo lezioni e strumento Andorno  Maggio 2007         \r\n                                            ', 20, '2007-08-31', 'N', 'marica.regis', '2007', '2007-08-31', '2007-08-31'),
(655, '55', '2007-08-31', 'Contanti', 20.00, 0.00, '2', '                            Contributo lezioni Moretti Eleonora Febbraio Marzo 2007       \r\n                                                                     ', 20, '2007-08-31', 'N', 'corrado.baglioni', '2007', '2007-08-31', '2007-08-31'),
(656, '284', '2007-11-11', 'Contanti', 10.00, 0.00, '2', 'Contributo lezioni Granieri Ottobre 2007\r\n                                                    ', 20, '2007-11-11', 'N', 'marica.regis', '2007', '2007-11-11', '2007-11-11'),
(657, '58', '2007-11-11', 'Contanti', 20.00, 0.00, '2', 'Contributo lezioni Schizzerotto Settembre Ottobre 2007\r\n                                                     ', 20, '2007-11-11', 'N', 'marica.regis', '2007', '2007-11-11', '2007-11-11'),
(658, '23', '2007-11-11', 'Contanti', 20.00, 0.00, '2', 'Contributo lezioni Agazzini Linda e Lorenzo Ottobre 2007  \r\n                                                   ', 20, '2007-11-11', 'N', 'marica.regis', '2007', '2007-11-11', '2007-11-11'),
(659, '282', '2007-11-11', 'Contanti', 10.00, 0.00, '2', 'Contributo lezioni Mingolla Ottobre 2007 \r\n                                                   ', 20, '2007-11-11', 'N', 'marica.regis', '2007', '2007-11-11', '2007-11-11'),
(660, '56', '2007-11-11', 'Contanti', 10.00, 0.00, '2', 'Contributo lezioni Mancin Ottobre 2007  \r\n                                                  ', 20, '2007-11-11', 'N', 'marica.regis', '2007', '2007-11-11', '2007-11-11'),
(661, '284', '2007-08-31', 'Contanti', 10.00, 0.00, '2', 'Contributo lezioni Granieri Marzo  2007    \r\n                                                ', 20, '2007-08-31', 'N', 'marica.regis', '2007', '2007-08-31', '2007-08-31'),
(662, '25', '2007-08-31', 'Contanti', 21.00, 0.00, '2', 'Contributo lezioni e strumento Pagnoni Febbraio 2007 \r\n                                                   ', 20, '2007-08-31', 'N', 'marica.regis', '2007', '2007-08-31', '2007-08-31'),
(663, '220', '2007-08-31', 'Contanti', 10.00, 0.00, '2', 'Contributo lezioniVaccaro Vito Febbraio 2007  \r\n                                                  ', 20, '2007-08-31', 'N', 'marica.regis', '2007', '2007-08-31', '2007-08-31'),
(664, '244', '2007-08-31', 'Contanti', 20.00, 0.00, '2', 'Contributo lezioni Carbone Dicembre 06- Gennaio 2007\r\n                                                  ', 20, '2007-08-31', 'N', 'marica.regis', '2007', '2007-08-31', '2007-08-31'),
(665, '232', '2007-11-11', 'Contanti', 10.00, 0.00, '2', 'Tesseramento socio sostenitore 2007 - Claudia                                           ', 18, '2007-11-11', 'N', 'marica.regis', '2007', '2007-11-11', '2007-11-11'),
(666, '247', '2007-11-11', 'Contanti', 10.00, 0.00, '2', 'Tesseramento socio sostenitore 2007 - Claudia                                                    ', 18, '2007-11-11', 'N', 'marica.regis', '2007', '2007-11-11', '2007-11-11'),
(667, '248', '2007-11-11', 'Contanti', 10.00, 0.00, '2', 'Tesseramento socio sostenitore 2007 - Claudia                                                    ', 18, '2007-11-11', 'N', 'marica.regis', '2007', '2007-11-11', '2007-11-11'),
(668, '246', '2007-11-11', 'Contanti', 20.00, 0.00, '2', 'Tesseramento socio sostenitore 2007 - Claudia                                                     ', 18, '2007-11-11', 'N', 'marica.regis', '2007', '2007-11-11', '2007-11-11'),
(669, '249', '2007-11-11', 'Contanti', 15.00, 0.00, '2', 'Tesseramento socio sostenitore 2007 - Claudia                                                     ', 18, '2007-11-11', 'N', 'marica.regis', '2007', '2007-11-11', '2007-11-11'),
(670, '106', '2007-11-11', 'Contanti', 15.00, 0.00, '2', 'Tesseramento socio sostenitore 2007 - Claudia                                                     ', 18, '2007-11-11', 'N', 'marica.regis', '2007', '2007-11-11', '2007-11-11'),
(671, '251', '2007-11-11', 'Contanti', 6.00, 0.00, '2', 'Tesseramento socio ordinario 2007 - Claudia                                                    ', 18, '2007-11-11', 'N', 'marica.regis', '2007', '2007-11-11', '2007-11-11'),
(672, '289', '2007-11-11', 'Contanti', 10.00, 0.00, '2', 'Tesseramento socio sostenitore 2007 - Claudia                                                  ', 18, '2007-11-11', 'N', 'marica.regis', '2007', '2007-11-11', '2007-11-11'),
(673, '290', '2007-11-11', 'Contanti', 10.00, 0.00, '2', 'Tesseramento socio sostenitore 2007 - Bertolini                                                 ', 18, '2007-11-11', 'N', 'marica.regis', '2007', '2007-11-11', '2007-11-11'),
(674, '69', '2008-01-02', 'Bonifico Bancario', 99999.00, 0.00, '2', '            jjjjjjjjjjjjjjjjj                                                        xxxxxxxxxxxxxxxxxxxxxxxxxxxxxxxxxxxxxxx                                    ', 10, '2008-01-02', 'Y', 'sergio.belli', '2008', '2008-01-02', '2008-01-02'),
(675, '285', '2008-01-08', 'Bonifico Bancario', 999999.99, 0.00, '3', '    bbbbbbbbbbbbbbbbbbbbbbbbbbbbbb                                                ', 27, '2008-01-08', 'Y', 'sergio.belli', '2008', '2008-01-08', '2008-01-08'),
(676, '292', '2007-12-30', 'Contanti', 0.00, 626.98, '2', '                                   Acquisto pc portatile asus con borsa e mouse                                                                    ', 35, '2007-12-30', 'N', 'corrado.baglioni', '2007', '2007-12-30', '2007-12-30'),
(677, '207', '2007-10-20', 'Assegno Bancario', 0.00, 220.00, '3', '                            Acquisto premi per lotteria 2007             . Assegno numero 3205127642.                               ', 29, '2007-10-20', 'N', 'sergio.belli', '2007', '2007-10-20', '2007-10-20'),
(678, '56', '2007-11-01', 'Contanti', 10.00, 0.00, '2', 'Contributo lezioni Mancin Gabriele Novembre 2007        ', 20, '2007-11-01', 'N', 'corrado.baglioni', '2007', '2007-11-01', '2007-11-01'),
(679, '25', '2007-07-01', 'Contanti', 54.00, 0.00, '2', 'Contributo lezioni + strumento Pagnoni Federico Luglio-Agosto-Settembre-Ottobre-Novembre 2007                                        ', 20, '2007-07-01', 'N', 'corrado.baglioni', '2007', '2007-07-01', '2007-07-01'),
(680, '279', '2007-10-01', 'Contanti', 41.00, 0.00, '2', '            Contributo lezioni Tomalino Cristian Ottobre-Novembre-Dicembre 2007                                           ', 20, '2007-10-01', 'N', 'corrado.baglioni', '2007', '2007-10-01', '2007-10-01'),
(681, '293', '2007-10-01', 'Contanti', 90.00, 0.00, '2', '                            Contributo lezioni Borsoi Alberto Anno 2006 più Ottobre-Novembre 2007                                                                         ', 20, '2007-10-01', 'N', 'corrado.baglioni', '2007', '2007-10-01', '2007-10-01'),
(682, '294', '2007-12-01', 'Contanti', 10.00, 0.00, '2', '                                    Contributo lezioni Ferraris Marco Dicembre 2007                                                                       ', 20, '2007-12-01', 'N', 'corrado.baglioni', '2007', '2007-12-01', '2007-12-01'),
(683, '294', '2007-11-01', 'Contanti', 10.00, 0.00, '2', '                      Contributo lezioni Ferraris Marco Novembre 2007                                ', 20, '2007-11-01', 'N', 'corrado.baglioni', '2007', '2007-11-01', '2007-11-01'),
(684, '58', '2007-11-01', 'Contanti', 20.00, 0.00, '2', '                           Contributo lezioni Schizzerotto Leonardo Novembre-Dicembre 2007                            ', 20, '2007-11-01', 'N', 'corrado.baglioni', '2007', '2007-11-01', '2007-11-01'),
(685, '284', '2007-11-01', 'Contanti', 10.00, 0.00, '2', 'Contributo lezioni Granieri Antonio Novembre 2007                             ', 20, '2007-11-01', 'N', 'corrado.baglioni', '2007', '2007-11-01', '2007-11-01'),
(686, '23', '2007-11-01', 'Contanti', 20.00, 0.00, '2', 'Contributo lezioni Fam Agazzini Novembre 2007                     ', 20, '2007-11-01', 'N', 'corrado.baglioni', '2007', '2007-11-01', '2007-11-01'),
(687, '282', '2007-11-01', 'Contanti', 10.00, 0.00, '2', 'Contributo lezioni Mingolla Paola Novembre 2007                        ', 20, '2007-11-01', 'N', 'corrado.baglioni', '2007', '2007-11-01', '2007-11-01'),
(688, '296', '2007-11-01', 'Contanti', 21.00, 0.00, '2', 'Contributo lezioni + strumento Cerutti Alessandro Novembre 2007                                ', 20, '2007-11-01', 'N', 'corrado.baglioni', '2007', '2007-11-01', '2007-11-01'),
(689, '296', '2007-10-01', 'Contanti', 21.00, 0.00, '2', '          Contributo lezioni + strumento Cerutti Alessandro Ottobre 2007                                             ', 20, '2007-10-01', 'N', 'corrado.baglioni', '2007', '2007-10-01', '2007-10-01'),
(690, '295', '2007-10-01', 'Contanti', 10.00, 0.00, '2', '                         Contributo lezioni Milone Marianna Ottobre 2007                              ', 20, '2007-10-01', 'N', 'corrado.baglioni', '2007', '2007-10-01', '2007-10-01'),
(691, '295', '2007-11-01', 'Contanti', 10.00, 0.00, '2', '          Contributo lezioni Milone Marianna Novembre 2007                                             ', 20, '2007-11-01', 'N', 'corrado.baglioni', '2007', '2007-11-01', '2007-11-01'),
(692, '208', '2007-12-01', 'Contanti', 490.00, 0.00, '2', 'Offerte pro scuola allievi "Dolci Note" 2007        ', 23, '2007-12-01', 'N', 'corrado.baglioni', '2007', '2007-12-01', '2007-12-01'),
(693, '210', '2007-12-08', 'Contanti', 700.53, 0.00, '2', 'Offerte ricevute per Concerto Immacolata 2007                     ', 22, '2007-12-08', 'N', 'corrado.baglioni', '2007', '2007-12-08', '2007-12-08'),
(694, '212', '2007-12-08', 'Contanti', 0.00, 55.20, '2', 'Spese per rinfresco Concerto Immacolata 2007               ', 13, '2007-12-08', 'N', 'corrado.baglioni', '2007', '2007-12-08', '2007-12-08'),
(695, '211', '2007-12-08', 'Contanti', 0.00, 33.00, '2', 'Spese per rinfresco Concerto Immacolata 2007               ', 13, '2007-12-08', 'N', 'corrado.baglioni', '2007', '2007-12-08', '2007-12-08'),
(696, '260', '2007-11-13', 'Assegno Bancario', 0.00, 15.00, '3', '                            Fotocopie Metodo per scuola allievi            . Assegno numero 3205127647-07                         ', 12, '2007-11-13', 'N', 'corrado.baglioni', '2007', '2007-11-13', '2007-11-13'),
(697, '260', '2007-12-01', 'Contanti', 0.00, 13.00, '2', 'Spese Acquisto fogli trasparenti                  ', 12, '2007-12-01', 'N', 'corrado.baglioni', '2007', '2007-12-01', '2007-12-01'),
(698, '211', '2007-12-08', 'Contanti', 0.00, 22.00, '2', '                                            Premi per Lotteria 2007        ', 29, '2007-12-08', 'N', 'corrado.baglioni', '2007', '2007-12-08', '2007-12-08'),
(699, '208', '2007-12-09', 'Contanti', 1210.00, 0.00, '2', 'Ricavato sottoscrizione a premi lotteria 2007            ', 23, '2007-12-09', 'N', 'corrado.baglioni', '2007', '2007-12-09', '2007-12-09'),
(700, '115', '2007-12-08', 'Contanti', 0.00, 9.00, '2', 'Acquisto cancelleria                                    ', 12, '2007-12-08', 'N', 'corrado.baglioni', '2007', '2007-12-08', '2007-12-08'),
(701, '52', '2007-12-09', 'Contanti', 0.00, 7.50, '2', '               Acquisto 5 litri vino per rinfresco                                     ', 13, '2007-12-08', 'N', 'corrado.baglioni', '2007', '2007-12-08', '2007-12-08'),
(702, '83', '2007-11-26', 'Contanti', 0.00, 31.00, '2', '                            Tassa comunale pubblicità temporanea 45 locandine.                                ', 14, '2007-11-26', 'N', 'corrado.baglioni', '2007', '2007-11-26', '2007-11-26'),
(703, '243', '2007-12-14', 'Contanti', 0.00, 46.00, '2', '         Combustibile stufa scuola allievi                                           ', 10, '2007-12-14', 'N', 'corrado.baglioni', '2007', '2007-12-14', '2007-12-14'),
(704, '297', '2007-11-17', 'Contanti', 0.00, 50.00, '2', '                                                 Spese per rinfresco lotteria 2007                                                       ', 29, '2007-11-17', 'N', 'sergio.belli', '2007', '2007-11-17', '2007-11-17'),
(705, '231', '2007-11-27', 'Contanti', 0.00, 104.84, '2', '       Permessi SIAE fuori abbonamento       ', 8, '2007-11-27', 'N', 'corrado.baglioni', '2007', '2007-11-27', '2007-11-27'),
(706, '72', '2007-11-28', 'Contanti', 0.00, 18.00, '2', '         Acquisto francobolli                                           ', 3, '2007-11-28', 'N', 'corrado.baglioni', '2007', '2007-11-28', '2007-11-28'),
(707, '34', '2007-11-10', 'Assegno Bancario', 0.00, 175.50, '3', '                            Rimborso spese maestri Giuliani Roberto                                      Settembre-Ottobre 2007             . Assegno numero 3205127647           ', 2, '2007-11-10', 'N', 'sergio.belli', '2007', '2007-11-10', '2007-11-10'),
(708, '34', '2007-12-28', 'Contanti', 0.00, 136.50, '2', '                  Rimborso Spese maestri Giuliani Roberto Novembre 2007                                  ', 2, '2007-12-28', 'N', 'corrado.baglioni', '2007', '2007-12-28', '2007-12-28'),
(709, '65', '2007-09-24', 'Assegno Bancario', 0.00, 600.00, '3', '                                         Rimborso spese maestri Platini Fabrizio Luglio-Agosto 2007              .Assegno numero 3173573050.                                                 ', 2, '2007-09-24', 'N', 'corrado.baglioni', '2007', '2007-09-24', '2007-09-24'),
(710, '217', '2007-11-18', 'Contanti', 240.00, 0.00, '2', '                            Offerta ricevuta per servizio AVIS 2007                                                 ', 22, '2007-11-18', 'N', 'sergio.belli', '2007', '2007-11-18', '2007-11-18'),
(711, '29', '2007-09-01', 'Contanti', 74.00, 0.00, '2', '          Contributo lezioni + strumento Aprile Mauro Strumento:Settembre-Ottobre-Novembre-Dicembre 2007    Lezioni:Ottobre-Novembre-Dicembre                                             ', 20, '2007-09-01', 'N', 'corrado.baglioni', '2007', '2007-09-01', '2007-09-01'),
(712, '25', '2007-11-01', 'Contanti', 32.00, 0.00, '2', '                             Contributo lezioni + strumento Pagnoni Federico Strumento:Nov-Dic 2007, Lezione Nov 2007', 20, '2007-11-01', 'N', 'corrado.baglioni', '2007', '2007-11-01', '2007-11-01'),
(713, '296', '2007-12-01', 'Contanti', 21.00, 0.00, '2', '                      Contributo lezioni+strumento Cerutti Alessandro Dicembre 2007                                 ', 20, '2007-12-01', 'N', 'corrado.baglioni', '2007', '2007-12-01', '2007-12-01'),
(714, '26', '2007-10-01', 'Contanti', 30.00, 0.00, '2', 'Contributo lezioni Ott-Nov-Dic 2007          ', 20, '2007-10-01', 'N', 'corrado.baglioni', '2007', '2007-10-01', '2007-10-01'),
(715, '23', '2007-12-01', 'Contanti', 20.00, 0.00, '2', 'Contributo lezioni Dicembre 2007                                ', 20, '2007-12-01', 'N', 'corrado.baglioni', '2007', '2007-12-01', '2007-12-01'),
(716, '282', '2007-12-01', 'Carta di Credito', 10.00, 0.00, '2', '                       Contributo lezioni Dicembre 2007                         ', 20, '2007-12-01', 'N', 'corrado.baglioni', '2007', '2007-12-01', '2007-12-01'),
(717, '295', '2007-12-01', 'Contanti', 10.00, 0.00, '2', '                     Contributo lezioni Dicembre 2007                                 ', 20, '2007-12-01', 'N', 'corrado.baglioni', '2007', '2007-12-01', '2007-12-01'),
(718, '55', '2007-10-01', 'Contanti', 30.00, 0.00, '2', '                 Contributo lezioni Ott-Nov-Dic 2007                                     ', 20, '2007-10-01', 'N', 'corrado.baglioni', '2007', '2007-10-01', '2007-10-01'),
(719, '298', '2007-12-09', 'Assegno Bancario', 0.00, 1200.00, '3', '                            Pranzo Sociale 2007. Numero 40 coperti.                Assegno numero 3205127649-09                                            ', 13, '2007-12-09', 'N', 'corrado.baglioni', '2007', '2007-12-09', '2007-12-09'),
(720, '84', '2007-12-28', 'Contanti', 0.00, 351.00, '2', '              Rimborso Spese Maestri Nov-Dic 2007                                      ', 2, '2007-12-28', 'N', 'corrado.baglioni', '2007', '2007-12-28', '2007-12-28'),
(721, '155', '2007-12-07', 'Assegno Bancario', 0.00, 3000.00, '3', '                            Prelevamento contanti da banca . Assegno numero 3205127648.                                               ', 28, '2007-12-07', 'N', 'corrado.baglioni', '2007', '2007-12-07', '2007-12-07'),
(722, '155', '2007-11-07', 'Contanti', 3000.00, 0.00, '2', '            Versamento contanti in cassa per partita di giro                                        ', 28, '2007-12-07', 'N', 'corrado.baglioni', '2007', '2007-12-07', '2007-12-07'),
(723, '187', '2007-12-08', 'Contanti', 0.00, 84.00, '2', 'Rimborso spese musici 2007', 7, '2007-12-08', 'N', 'sergio.belli', '2007', '2007-12-08', '2007-12-08'),
(724, '193', '2007-12-08', 'Contanti', 0.00, 118.00, '2', '                  Rimborso spese musici 2007                                  ', 7, '2007-12-08', 'N', 'sergio.belli', '2007', '2007-12-08', '2007-12-08'),
(725, '184', '2007-12-08', 'Contanti', 0.00, 54.00, '2', '      Rimborso spese musici 2007                                              ', 7, '2007-12-08', 'N', 'sergio.belli', '2007', '2007-12-08', '2007-12-08'),
(726, '176', '2007-12-08', 'Contanti', 0.00, 39.00, '2', '                                                    Rimborso spese musici 2007', 7, '2007-12-08', 'N', 'sergio.belli', '2007', '2007-12-08', '2007-12-08'),
(727, '191', '2007-12-08', 'Contanti', 0.00, 16.00, '2', '                                                    Rimborso spese musici 2007', 7, '2007-12-08', 'N', 'sergio.belli', '2007', '2007-12-08', '2007-12-08'),
(728, '26', '2007-12-08', 'Contanti', 0.00, 43.00, '2', '                                                    Rimborso spese musici 2007', 7, '2007-12-08', 'N', 'sergio.belli', '2007', '2007-12-08', '2007-12-08'),
(729, '24', '2007-12-08', 'Contanti', 0.00, 64.00, '2', '                                                    Rimborso spese musici 2007', 7, '2007-12-08', 'N', 'sergio.belli', '2007', '2007-12-08', '2007-12-08'),
(730, '158', '2007-12-08', 'Contanti', 0.00, 25.00, '2', '                                                    Rimborso spese musici 2007', 7, '2007-12-08', 'N', 'sergio.belli', '2007', '2007-12-08', '2007-12-08'),
(731, '161', '2007-12-08', 'Contanti', 0.00, 103.00, '2', '                                                    Rimborso spese musici 2007', 7, '2007-12-08', 'N', 'sergio.belli', '2007', '2007-12-08', '2007-12-08'),
(732, '66', '2007-12-08', 'Contanti', 0.00, 58.00, '2', '                                                    Rimborso spese musici 2007', 7, '2007-12-08', 'N', 'sergio.belli', '2007', '2007-12-08', '2007-12-08'),
(733, '166', '2007-12-08', 'Contanti', 0.00, 52.00, '2', '                                                    Rimborso spese musici 2007', 7, '2007-12-08', 'N', 'sergio.belli', '2007', '2007-12-08', '2007-12-08'),
(734, '178', '2007-12-08', 'Contanti', 0.00, 51.00, '2', '                                                    Rimborso spese musici 2007', 7, '2007-12-08', 'N', 'sergio.belli', '2007', '2007-12-08', '2007-12-08'),
(735, '284', '2007-12-08', 'Contanti', 0.00, 5.00, '2', '                                                    Rimborso spese musici 2007', 7, '2007-12-08', 'N', 'sergio.belli', '2007', '2007-12-08', '2007-12-08'),
(736, '165', '2007-12-08', 'Contanti', 0.00, 83.00, '2', '                                                    Rimborso spese musici 2007', 7, '2007-12-08', 'N', 'sergio.belli', '2007', '2007-12-08', '2007-12-08'),
(737, '160', '2007-12-08', 'Contanti', 0.00, 72.00, '2', '                                                    Rimborso spese musici 2007', 7, '2007-12-08', 'N', 'sergio.belli', '2007', '2007-12-08', '2007-12-08'),
(738, '157', '2007-12-08', 'Contanti', 0.00, 50.00, '2', '                                                    Rimborso spese musici 2007', 7, '2007-12-08', 'N', 'sergio.belli', '2007', '2007-12-08', '2007-12-08'),
(739, '195', '2007-12-08', 'Contanti', 0.00, 20.00, '2', '                                                    Rimborso spese musici 2007', 7, '2007-12-08', 'N', 'sergio.belli', '2007', '2007-12-08', '2007-12-08'),
(740, '194', '2007-12-08', 'Contanti', 0.00, 13.00, '2', '                                                    Rimborso spese musici 2007', 7, '2007-12-08', 'N', 'sergio.belli', '2007', '2007-12-08', '2007-12-08'),
(741, '163', '2007-12-08', 'Contanti', 0.00, 52.00, '2', '                                                    Rimborso spese musici 2007', 7, '2007-12-08', 'N', 'sergio.belli', '2007', '2007-12-08', '2007-12-08'),
(742, '192', '2007-12-08', 'Contanti', 0.00, 63.00, '2', '                                                    Rimborso spese musici 2007', 7, '2007-12-08', 'N', 'sergio.belli', '2007', '2007-12-08', '2007-12-08'),
(743, '167', '2007-12-08', 'Contanti', 0.00, 5.00, '2', '                                                    Rimborso spese musici 2007', 7, '2007-12-08', 'N', 'sergio.belli', '2007', '2007-12-08', '2007-12-08'),
(744, '188', '2007-12-08', 'Contanti', 0.00, 52.00, '2', '                                                    Rimborso spese musici 2007', 7, '2007-12-08', 'N', 'sergio.belli', '2007', '2007-12-08', '2007-12-08'),
(745, '197', '2007-12-08', 'Contanti', 0.00, 57.00, '2', '                                                    Rimborso spese musici 2007', 7, '2007-12-08', 'N', 'sergio.belli', '2007', '2007-12-08', '2007-12-08'),
(746, '156', '2007-12-08', 'Contanti', 0.00, 15.00, '2', '                                                    Rimborso spese musici 2007', 7, '2007-12-08', 'N', 'sergio.belli', '2007', '2007-12-08', '2007-12-08'),
(747, '170', '2007-12-08', 'Contanti', 0.00, 74.00, '2', '                                                    Rimborso spese musici 2007', 7, '2007-12-08', 'N', 'sergio.belli', '2007', '2007-12-08', '2007-12-08'),
(748, '299', '2007-12-08', 'Contanti', 0.00, 15.00, '2', '                                                    Rimborso spese musici 2007', 7, '2007-12-08', 'N', 'sergio.belli', '2007', '2007-12-08', '2007-12-08'),
(749, '168', '2007-12-08', 'Contanti', 0.00, 34.00, '2', 'Rimborso spese musici 2007', 7, '2007-12-08', 'N', 'sergio.belli', '2007', '2007-12-08', '2007-12-08'),
(750, '177', '2007-12-08', 'Contanti', 0.00, 24.00, '2', '                                                     Rimborso spese musici 2007', 7, '2007-12-08', 'N', 'sergio.belli', '2007', '2007-12-08', '2007-12-08'),
(751, '183', '2007-12-08', 'Contanti', 0.00, 97.00, '2', '                                                     Rimborso spese musici 2007', 7, '2007-12-08', 'N', 'sergio.belli', '2007', '2007-12-08', '2007-12-08'),
(752, '175', '2007-12-08', 'Contanti', 0.00, 90.00, '2', '                                                     Rimborso spese musici 2007', 7, '2007-12-08', 'N', 'sergio.belli', '2007', '2007-12-08', '2007-12-08'),
(753, '71', '2007-12-08', 'Contanti', 0.00, 13.00, '2', '                                                     Rimborso spese musici 2007', 7, '2007-12-08', 'N', 'sergio.belli', '2007', '2007-12-08', '2007-12-08'),
(754, '84', '2007-12-08', 'Contanti', 0.00, 115.00, '2', '                                                     Rimborso spese musici 2007', 7, '2007-12-08', 'N', 'sergio.belli', '2007', '2007-12-08', '2007-12-08'),
(755, '22', '2007-12-08', 'Contanti', 0.00, 18.00, '2', '                                                     Rimborso spese musici 2007', 7, '2007-12-08', 'N', 'sergio.belli', '2007', '2007-12-08', '2007-12-08'),
(756, '182', '2007-12-08', 'Contanti', 0.00, 65.00, '2', '                                                     Rimborso spese musici 2007', 7, '2007-12-08', 'N', 'sergio.belli', '2007', '2007-12-08', '2007-12-08'),
(757, '300', '2007-12-08', 'Contanti', 0.00, 23.00, '2', '                                                     Rimborso spese musici 2007', 7, '2007-12-08', 'N', 'sergio.belli', '2007', '2007-12-08', '2007-12-08');
INSERT INTO `sd_movimenti` (`ID_Movimento`, `ID_Soggetto`, `Data_Valuta`, `Tipo_Pagamento`, `Entrate`, `Uscite`, `ID_Banca`, `Descrizione`, `Id_Voce_Bilancio`, `Data_Competenza`, `Deleted`, `ID_Admin`, `Anno_Bilancio`, `data_inserimento`, `data_modifica`) VALUES 
(758, '196', '2007-12-08', 'Contanti', 0.00, 70.00, '2', '                                                    Rimborso spese musici 2007', 7, '2007-12-08', 'N', 'sergio.belli', '2007', '2007-12-08', '2007-12-08'),
(759, '198', '2007-12-08', 'Contanti', 0.00, 45.00, '2', '          Rimborso spese musici 2007                                            ', 7, '2007-12-08', 'N', 'sergio.belli', '2007', '2007-12-08', '2007-12-08'),
(760, '198', '2007-12-08', 'Contanti', 45.00, 0.00, '2', '                            Rimborso spese riparazione pelle cassa          da Silvestri Riccardo                                                                  ', 21, '2007-12-08', 'N', 'sergio.belli', '2007', '2007-12-08', '2007-12-08'),
(761, '30', '2007-12-08', 'Contanti', 0.00, 13.00, '2', '                                                      Rimborso spese musici 2007', 7, '2007-12-08', 'N', 'sergio.belli', '2007', '2007-12-08', '2007-12-08'),
(762, '153', '2007-12-08', 'Contanti', 0.00, 9.00, '2', '                                                      Rimborso spese musici 2007', 7, '2007-12-08', 'N', 'sergio.belli', '2007', '2007-12-08', '2007-12-08'),
(763, '154', '2007-12-08', 'Contanti', 0.00, 34.00, '2', '                                                      Rimborso spese musici 2007', 7, '2007-12-08', 'N', 'sergio.belli', '2007', '2007-12-08', '2007-12-08'),
(764, '154', '2007-12-08', 'Contanti', 34.00, 0.00, '2', '                                                    Oblazione Abbate Claudio', 18, '2007-12-08', 'N', 'sergio.belli', '2007', '2007-12-08', '2007-12-08'),
(765, '155', '2007-12-08', 'Contanti', 0.00, 89.00, '2', '                                                      Rimborso spese musici 2007', 7, '2007-12-08', 'N', 'sergio.belli', '2007', '2007-12-08', '2007-12-08'),
(766, '34', '2007-12-08', 'Contanti', 0.00, 11.00, '2', '                                                      Rimborso spese musici 2007', 7, '2007-12-08', 'N', 'sergio.belli', '2007', '2007-12-08', '2007-12-08'),
(767, '34', '2007-12-08', 'Contanti', 11.00, 0.00, '2', '                                                    Oblazione Giuliani Roberto', 18, '2007-12-08', 'N', 'sergio.belli', '2007', '2007-12-08', '2007-12-08'),
(768, '162', '2007-12-08', 'Contanti', 0.00, 79.00, '2', '                                                      Rimborso spese musici 2007', 7, '2007-12-08', 'N', 'sergio.belli', '2007', '2007-12-08', '2007-12-08'),
(769, '169', '2007-12-08', 'Contanti', 0.00, 130.00, '2', '                                                      Rimborso spese musici 2007', 7, '2007-12-08', 'N', 'sergio.belli', '2007', '2007-12-08', '2007-12-08'),
(770, '174', '2007-12-08', 'Contanti', 0.00, 67.00, '2', '                                                      Rimborso spese musici 2007', 7, '2007-12-08', 'N', 'sergio.belli', '2007', '2007-12-08', '2007-12-08'),
(771, '179', '2007-12-08', 'Contanti', 0.00, 19.00, '2', '                                                      Rimborso spese musici 2007', 7, '2007-12-08', 'N', 'sergio.belli', '2007', '2007-12-08', '2007-12-08'),
(772, '180', '2007-12-08', 'Contanti', 0.00, 145.00, '2', '                                                      Rimborso spese musici 2007', 7, '2007-12-08', 'N', 'sergio.belli', '2007', '2007-12-08', '2007-12-08'),
(773, '28', '2007-12-08', 'Contanti', 0.00, 31.00, '2', '                                                      Rimborso spese musici 2007', 7, '2007-12-08', 'N', 'sergio.belli', '2007', '2007-12-08', '2007-12-08'),
(774, '185', '2007-12-08', 'Contanti', 0.00, 10.00, '2', '                                                      Rimborso spese musici 2007', 7, '2007-12-08', 'N', 'sergio.belli', '2007', '2007-12-08', '2007-12-08'),
(775, '190', '2007-12-08', 'Contanti', 0.00, 8.00, '2', '                                                      Rimborso spese musici 2007', 7, '2007-12-08', 'N', 'sergio.belli', '2007', '2007-12-08', '2007-12-08'),
(776, '107', '2007-12-08', 'Contanti', 0.00, 8.00, '2', '                                                      Rimborso spese musici 2007', 7, '2007-12-08', 'N', 'sergio.belli', '2007', '2007-12-08', '2007-12-08'),
(777, '199', '2007-12-08', 'Contanti', 0.00, 6.00, '2', '                                                      Rimborso spese musici 2007', 7, '2007-12-08', 'N', 'sergio.belli', '2007', '2007-12-08', '2007-12-08'),
(778, '147', '2007-12-08', 'Contanti', 0.00, 60.00, '2', '                                                      Rimborso spese esterni 2007', 27, '2007-12-08', 'N', 'sergio.belli', '2007', '2007-12-08', '2007-12-08'),
(779, '100', '2007-12-08', 'Contanti', 0.00, 25.00, '2', '                                                    Rimborso spese esterni 2007', 27, '2007-12-08', 'N', 'sergio.belli', '2007', '2007-12-08', '2007-12-08'),
(780, '93', '2007-12-08', 'Contanti', 0.00, 45.00, '2', '                                                    Rimborso spese esterni 2007', 27, '2007-12-08', 'N', 'sergio.belli', '2007', '2007-12-08', '2007-12-08'),
(781, '122', '2007-12-08', 'Contanti', 0.00, 75.00, '2', '                                                    Rimborso spese esterni 2007', 27, '2007-12-08', 'N', 'sergio.belli', '2007', '2007-12-08', '2007-12-08'),
(782, '80', '2007-12-08', 'Contanti', 0.00, 50.00, '2', '                                                    Rimborso spese esterni 2007', 27, '2007-12-08', 'N', 'sergio.belli', '2007', '2007-12-08', '2007-12-08'),
(783, '101', '2007-12-08', 'Contanti', 0.00, 45.00, '2', '                                                    Rimborso spese esterni 2007', 27, '2007-12-08', 'N', 'sergio.belli', '2007', '2007-12-08', '2007-12-08'),
(784, '88', '2007-12-08', 'Contanti', 0.00, 100.00, '2', '                                                    Rimborso spese esterni 2007', 27, '2007-12-08', 'N', 'sergio.belli', '2007', '2007-12-08', '2007-12-08'),
(785, '96', '2007-12-08', 'Contanti', 0.00, 25.00, '2', '                                                    Rimborso spese esterni 2007', 27, '2007-12-08', 'N', 'sergio.belli', '2007', '2007-12-08', '2007-12-08'),
(786, '118', '2007-12-08', 'Contanti', 0.00, 25.00, '2', '                                                    Rimborso spese esterni 2007', 27, '2007-12-08', 'N', 'sergio.belli', '2007', '2007-12-08', '2007-12-08'),
(787, '89', '2007-12-08', 'Contanti', 0.00, 25.00, '2', '                                                    Rimborso spese esterni 2007', 27, '2007-12-08', 'N', 'sergio.belli', '2007', '2007-12-08', '2007-12-08'),
(788, '89', '2007-12-08', 'Contanti', 25.00, 0.00, '2', '                                                    Oblazione Granieri Domenico', 18, '2007-12-08', 'N', 'sergio.belli', '2007', '2007-12-08', '2007-12-08'),
(789, '78', '2007-12-08', 'Contanti', 0.00, 25.00, '2', '                                                    Rimborso spese esterni 2007', 27, '2007-12-08', 'N', 'sergio.belli', '2007', '2007-12-08', '2007-12-08'),
(790, '78', '2007-12-08', 'Contanti', 25.00, 0.00, '2', '                                                    Oblazione Calligaris Franco', 18, '2007-12-08', 'N', 'sergio.belli', '2007', '2007-12-08', '2007-12-08'),
(791, '301', '2007-12-08', 'Contanti', 0.00, 100.00, '2', 'Rimborso spese esterni 2007', 27, '2007-12-08', 'N', 'sergio.belli', '2007', '2007-12-08', '2007-12-08'),
(792, '302', '2007-12-08', 'Contanti', 0.00, 70.00, '2', '                                                    Rimborso spese esterni 2007', 27, '2007-12-08', 'N', 'sergio.belli', '2007', '2007-12-08', '2007-12-08'),
(793, '120', '2007-12-08', 'Contanti', 0.00, 25.00, '2', '                                                    Rimborso spese esterni 2007', 27, '2007-12-08', 'N', 'sergio.belli', '2007', '2007-12-08', '2007-12-08'),
(794, '98', '2007-12-08', 'Contanti', 0.00, 25.00, '2', '                                                    Rimborso spese esterni 2007', 27, '2007-12-08', 'N', 'sergio.belli', '2007', '2007-12-08', '2007-12-08'),
(795, '98', '2007-12-08', 'Contanti', 25.00, 0.00, '2', '                                                    Oblazione Bussolino Wlmo', 18, '2007-12-08', 'N', 'sergio.belli', '2007', '2007-12-08', '2007-12-08'),
(796, '149', '2007-12-08', 'Contanti', 0.00, 25.00, '2', '                              Rimborso spese esterni 2007', 27, '2007-12-08', 'N', 'sergio.belli', '2007', '2007-12-08', '2007-12-08'),
(797, '99', '2007-12-08', 'Contanti', 0.00, 25.00, '2', '                                                    Rimborso spese esterni 2007', 27, '2007-12-08', 'N', 'sergio.belli', '2007', '2007-12-08', '2007-12-08'),
(798, '125', '2007-12-08', 'Contanti', 0.00, 30.00, '2', '                                                    Rimborso spese esterni 2007', 27, '2007-12-08', 'N', 'sergio.belli', '2007', '2007-12-08', '2007-12-08'),
(799, '303', '2007-12-31', 'Contanti', 0.00, 120.00, '2', '                            Spesa per acquisto toner fotocopiatrice                                                                            ', 12, '2007-12-01', 'N', 'sergio.belli', '2007', '2007-12-01', '2007-12-01'),
(800, '194', '2007-12-29', 'Contanti', 0.00, 201.50, '2', '                                                    Rimborso spese Maestri Bertolini Enrico Ott-Nov-Dic 2007', 2, '2007-12-29', 'N', 'sergio.belli', '2007', '2007-12-29', '2007-12-29'),
(801, '67', '2007-12-29', 'Contanti', 0.00, 175.50, '2', '                                                    Rimborso spese Maestri De Angelis Roberto secondo semestre 2007', 2, '2007-12-29', 'N', 'sergio.belli', '2007', '2007-12-29', '2007-12-29'),
(802, '83', '2007-12-07', 'Bonifico Bancario', 0.00, 102.36, '3', 'Reversale Corso Provinciale Scuola Allievi 2007', 2, '2007-12-07', 'N', 'sergio.belli', '2007', '2007-12-07', '2007-12-07'),
(803, '130', '2007-12-30', 'Bonifico Bancario', 0.00, 12.00, '3', 'Canone annuale Intesa Online . CANONE ANNUALE INTESA ONLINE PERIODO 12/2007-12/2008              ', 15, '2007-12-30', 'N', 'sergio.belli', '2007', '2007-12-30', '2007-12-30'),
(804, '129', '2007-12-11', 'Bonifico Bancario', 0.00, 41.77, '3', 'Enel Ottobre-Novembre 2007', 9, '2007-12-11', 'N', 'sergio.belli', '2007', '2007-12-11', '2007-12-11'),
(805, '129', '2007-10-11', 'Bonifico Bancario', 0.00, 41.82, '3', 'Enel agosto-settembre 2007                                                    ', 9, '2007-10-11', 'N', 'sergio.belli', '2007', '2007-10-11', '2007-10-11'),
(806, '304', '2007-10-04', 'Assegno Bancario', 300.00, 0.00, '3', 'Offerta per servizio Rastiglione del 30 Settembre 2007                                                    ', 22, '2007-10-04', 'N', 'sergio.belli', '2007', '2007-10-04', '2007-10-04'),
(807, '130', '2007-10-03', 'Bonifico Bancario', 0.00, 23.94, '3', '                                                                                Competenze Banca Intesa                        ', 15, '2007-10-03', 'N', 'sergio.belli', '2007', '2007-10-03', '2007-10-03'),
(808, '130', '2007-10-03', 'Bonifico Bancario', 0.00, 18.45, '3', '                                                    Imposta di bollo su conto corrente', 15, '2007-10-03', 'N', 'sergio.belli', '2007', '2007-10-03', '2007-10-03'),
(809, '130', '2007-10-03', 'Bonifico Bancario', 0.00, 2.00, '3', '                                                    Commissioni banca intesa', 15, '2007-10-03', 'N', 'sergio.belli', '2007', '2007-10-03', '2007-10-03'),
(810, '305', '2007-10-05', 'Assegno Bancario', 0.00, 624.90, '3', 'Acquisto  sedie pieghevoli rosse 60 pezzi x 8,65 cad            . Assegno numero 3205127641', 38, '2007-10-05', 'N', 'sergio.belli', '2007', '2007-10-05', '2007-10-05'),
(811, '132', '2007-12-17', 'Bonifico Bancario', 146.05, 0.00, '3', 'Offerta per servizio Lumellogno 2 giugno 2007  ', 22, '2007-12-17', 'N', 'sergio.belli', '2007', '2007-12-17', '2007-12-17'),
(812, '132', '2007-12-17', 'Bonifico Bancario', 900.00, 0.00, '3', '                                                    Offerta per servizio Novara 2 giugno 2007', 22, '2007-12-17', 'N', 'sergio.belli', '2007', '2007-12-17', '2007-12-17'),
(813, '83', '2007-10-10', 'Bonifico Bancario', 1200.00, 0.00, '3', 'Contributo Comune Grignasco anno 2007', 19, '2007-10-10', 'N', 'sergio.belli', '2007', '2007-10-10', '2007-10-10'),
(814, '147', '2007-07-28', 'Contanti', 0.00, 30.00, '2', '                                                                            Rimborso concerto di luglio                                                                                ', 27, '2007-07-28', 'Y', 'corrado.baglioni', '2007', '2007-07-28', '2007-07-28'),
(815, '306', '2007-07-28', 'Contanti', 0.00, 25.00, '2', '                                        Rimborso concerto di luglio     Raffaella e marito                                                           ', 27, '2007-07-28', 'Y', 'corrado.baglioni', '2007', '2007-07-28', '2007-07-28'),
(816, '277', '2007-07-28', 'Contanti', 0.00, 25.00, '2', '      Rimborso concerto di luglio                                              ', 27, '2007-07-28', 'Y', 'corrado.baglioni', '2007', '2007-07-28', '2007-07-28'),
(817, '118', '2007-07-28', 'Contanti', 0.00, 25.00, '2', '                   Rimborso concerto di luglio                                 ', 27, '2007-07-28', 'Y', 'corrado.baglioni', '2007', '2007-07-28', '2007-07-28'),
(818, '96', '2007-07-28', 'Contanti', 0.00, 25.00, '2', '         Rimborso concerto di luglio                                           ', 27, '2007-07-28', 'Y', 'corrado.baglioni', '2007', '2007-07-28', '2007-07-28'),
(819, '120', '2007-07-28', 'Contanti', 0.00, 25.00, '2', '          Rimborso concerto di luglio                                          ', 27, '2007-07-28', 'Y', 'corrado.baglioni', '2007', '2007-07-28', '2007-07-28'),
(820, '78', '2007-07-28', 'Contanti', 0.00, 25.00, '2', '           Rimborso concerto di luglio                                         ', 27, '2007-07-28', 'Y', 'corrado.baglioni', '2007', '2007-07-28', '2007-07-28'),
(821, '243', '2007-12-14', 'Contanti', 0.00, 42.00, '2', 'Spese per acquisto carburante stufa', 10, '2007-12-14', 'N', 'sergio.belli', '2007', '2007-12-14', '2007-12-14'),
(822, '130', '2007-07-03', 'Bonifico Bancario', 0.00, 25.06, '3', 'Competenze banca intesa          secondo trimestre 2007                  ', 15, '2007-07-03', 'N', 'sergio.belli', '2007', '2007-07-03', '2007-07-03'),
(823, '130', '2007-07-03', 'Bonifico Bancario', 0.00, 18.45, '3', '                                                    Imposta di bollo su conto corrente secondo trimestre 2007', 15, '2007-07-03', 'N', 'sergio.belli', '2007', '2007-07-03', '2007-07-03'),
(824, '130', '2007-07-03', 'Bonifico Bancario', 0.00, 2.00, '3', '                                                    Commissioni invio documento', 15, '2007-07-03', 'N', 'sergio.belli', '2007', '2007-07-03', '2007-07-03'),
(825, '270', '2007-07-13', 'Bonifico Bancario', 1296.05, 0.00, '3', '                            Contributo provinciale legge 38/2006                                ', 37, '2007-07-13', 'N', 'corrado.baglioni', '2007', '2007-07-13', '2007-07-13'),
(826, '233', '2007-11-24', 'Contanti', 550.00, 0.00, '2', 'DONAZIONE PER ACQUISTI E MANUTENZIONE STRUMENTI        ', 30, '2007-11-24', 'N', 'sergio.belli', '2007', '2007-11-24', '2007-11-24'),
(827, '307', '2007-11-24', 'Contanti', 0.00, 565.00, '2', 'Acquisto Sax Contralto Jupiter  JAS 769. Acquisto ance.', 5, '2007-11-24', 'N', 'sergio.belli', '2007', '2007-11-24', '2007-11-24'),
(828, '307', '2007-09-27', 'Contanti', 0.00, 102.00, '2', 'Noleggio strumenti : \r\n- 2 sax contralti\r\n- 1 flauto\r\n\r\nAcquisto ance', 39, '2007-09-27', 'N', 'sergio.belli', '2007', '2007-09-27', '2007-09-27'),
(829, '307', '2007-10-20', 'Contanti', 0.00, 25.00, '2', 'Noleggio strumenti : \r\n- 1 Sax COntralto Weril', 39, '2007-10-20', 'N', 'sergio.belli', '2007', '2007-10-20', '2007-10-20'),
(830, '307', '2007-09-27', 'Contanti', 0.00, 10.00, '2', 'Acquisto bacchette batteria di seconda scelta.                                                    ', 5, '2007-09-27', 'N', 'sergio.belli', '2007', '2007-09-27', '2007-09-27'),
(831, '307', '2007-09-27', 'Contanti', 0.00, 5.30, '2', '                                                    Acquisto n 2 bacchette a dirigere', 5, '2007-09-27', 'N', 'sergio.belli', '2007', '2007-09-27', '2007-09-27'),
(832, '308', '2007-07-28', 'Contanti', 5.60, 0.00, '2', '                            Oblazione Ornella Pasqualin                                                                            ', 18, '2007-07-28', 'N', 'sergio.belli', '2007', '2007-07-28', '2007-07-28'),
(833, '172', '2007-12-31', 'Contanti', 59.00, 0.00, '2', 'Oblazione Tosetti Enrico', 18, '2007-12-31', 'N', 'sergio.belli', '2007', '2007-12-31', '2007-12-31'),
(834, '154', '2007-12-30', 'Contanti', 16.50, 0.00, '2', 'Oblazione 2007 Claudio Abbate                                                    ', 18, '2007-12-31', 'N', 'sergio.belli', '2007', '2007-12-31', '2007-12-31'),
(835, '34', '2007-12-31', 'Contanti', 11.50, 0.00, '2', '                                                    Oblazione 2007 Giuliani Roberto', 18, '2007-12-31', 'N', 'sergio.belli', '2007', '2007-12-31', '2007-12-31'),
(836, '60', '2007-12-31', 'Carta di Credito', 8.00, 0.00, '2', '                                                    Oblazione 2007 Velatta Laura', 18, '2007-12-31', 'N', 'sergio.belli', '2007', '2007-12-31', '2007-12-31'),
(837, '31', '2007-12-31', 'Contanti', 18.00, 0.00, '2', '                                                    Oblazione Mischiatti', 18, '2007-12-31', 'N', 'sergio.belli', '2007', '2007-12-31', '2007-12-31'),
(838, '173', '2007-12-31', 'Contanti', 21.50, 0.00, '2', '                                                    Oblazione 2007 Cascio', 18, '2007-12-31', 'N', 'sergio.belli', '2007', '2007-12-31', '2007-12-31'),
(839, '115', '2007-12-29', 'Contanti', 0.00, 24.50, '2', '        carta A3 gialla per manifesti                                            ', 12, '2007-12-29', 'N', 'sergio.belli', '2007', '2007-12-29', '2007-12-29'),
(840, '297', '2007-12-05', 'Contanti', 0.00, 60.80, '2', '                                   Spesa GS per premi lotteria Cesto volante                                                                     ', 29, '2007-12-05', 'N', 'corrado.baglioni', '2007', '2007-12-05', '2007-12-05'),
(841, '34', '2007-12-29', 'Contanti', 0.00, 78.00, '2', '                                                    Rimborso Giuliani Dicembre 2007', 2, '2007-12-29', 'N', 'sergio.belli', '2007', '2007-12-29', '2007-12-29'),
(842, '63', '2008-01-01', 'Ricevuta Bancaria', 16925.91, 0.00, '3', 'Saldo iniziale conto corrente in data 31/12/2007.                                                            ', 32, '2008-01-01', 'N', 'corrado.baglioni', '2008', '2008-01-01', '2008-01-01'),
(843, '63', '2008-01-01', 'Contanti', 1885.28, 0.00, '2', '                                  Saldo iniziale cassa anno 2008                                                                      ', 32, '2008-01-01', 'N', 'corrado.baglioni', '2008', '2008-01-01', '2008-01-01'),
(844, '183', '2008-01-01', 'Contanti', 6.20, 0.00, '2', 'Oblazione da cesto volante                                 ', 18, '2008-01-01', 'N', 'corrado.baglioni', '2008', '2008-01-01', '2008-01-01'),
(845, '55', '2008-01-01', 'Contanti', 30.00, 0.00, '2', 'Contributo lezioni Moretti Eleonora Gen-Feb-Mar 2008                        ', 20, '2008-01-01', 'N', 'corrado.baglioni', '2008', '2008-01-01', '2008-01-01'),
(846, '27', '2008-01-01', 'Contanti', 100.00, 0.00, '2', '                       Contributo lezioni allievi Cascio Annalisa e Antonino       ott-nov-dic 2007 e gen-feb 2008                      ', 20, '2008-01-01', 'N', 'corrado.baglioni', '2008', '2008-01-01', '2008-01-01'),
(847, '284', '2008-02-01', 'Contanti', 20.00, 0.00, '2', '                         Contributo lezioni Granieri Antonio feb-mar 2008                           ', 20, '2008-02-01', 'N', 'corrado.baglioni', '2008', '2008-02-01', '2008-02-01'),
(848, '29', '2008-01-01', 'Contanti', 63.00, 0.00, '2', '    Contributo lezioni+strumento Aprile Mauro gen-feb-mar 2008                                                ', 20, '2008-01-01', 'N', 'corrado.baglioni', '2008', '2008-01-01', '2008-01-01'),
(849, '29', '2008-01-01', 'Contanti', 63.00, 0.00, '2', '    Contributo lezioni+strumento Aprile Mauro gen-feb-mar 2008                                                ', 20, '2008-01-01', 'Y', 'corrado.baglioni', '2008', '2008-01-01', '2008-01-01'),
(850, '294', '2008-03-01', 'Contanti', 20.00, 0.00, '2', '   Contributo lezioni Ferraris Marco  - mar-apr - 08                                                 ', 20, '2008-03-01', 'N', 'corrado.baglioni', '2008', '2008-03-01', '2008-03-01'),
(851, '26', '2008-03-01', 'Contanti', 10.00, 0.00, '2', '                                         contributo lezioni Pontini Andrea - mar 08           ', 20, '2008-03-01', 'N', 'corrado.baglioni', '2008', '2008-03-01', '2008-03-01'),
(852, '296', '2008-03-01', 'Contanti', 21.00, 0.00, '2', '   contributo lezioni + strumento cerutti alessandro mar 2008                                                 ', 20, '2008-03-01', 'N', 'corrado.baglioni', '2008', '2008-03-01', '2008-03-01'),
(853, '58', '2008-01-01', 'Contanti', 50.00, 0.00, '2', '   contributo lezioni schizzerotto gen-feb-mar-apr-mag 2008                                                 ', 20, '2008-01-01', 'N', 'corrado.baglioni', '2008', '2008-01-01', '2008-01-01'),
(854, '308', '2008-04-10', 'Contanti', 0.00, 1.00, '2', 'Rimborso a Pasqualin Ornella su rimborso allievi                                                    ', 1, '2008-04-10', 'N', 'corrado.baglioni', '2008', '2008-04-10', '2008-04-10'),
(855, '130', '2008-01-01', 'Bonifico Bancario', 0.00, 18.45, '3', '                        Imposta di bollo su c/c  quarto trimestre 2007', 15, '2008-01-01', 'N', 'corrado.baglioni', '2008', '2008-01-01', '2008-01-01'),
(856, '130', '2008-01-01', 'Bonifico Bancario', 0.00, 36.04, '3', '       Competenze banca intesa quarto trimestre 2007                                             ', 15, '2008-01-01', 'N', 'corrado.baglioni', '2008', '2008-01-01', '2008-01-01'),
(857, '130', '2008-01-01', 'Bonifico Bancario', 0.00, 2.00, '3', '      Commissioni invio documenti qurto trimestre                                              ', 15, '2008-01-01', 'N', 'corrado.baglioni', '2008', '2008-01-01', '2008-01-01'),
(858, '34', '2008-02-10', 'Contanti', 0.00, 84.50, '2', '                                                                               rimborso spese maestri giuliani roberto - gen 08 -                          ', 2, '2008-02-10', 'N', 'corrado.baglioni', '2008', '2008-02-10', '2008-02-10'),
(859, '34', '2008-03-02', 'Contanti', 0.00, 84.50, '2', '                                     rimborso pese maestri giuliani roberto - feb 08               ', 2, '2008-03-02', 'N', 'corrado.baglioni', '2008', '2008-03-02', '2008-03-02'),
(860, '34', '2008-04-10', 'Contanti', 0.00, 58.50, '2', '                                          rimborso spese maestri giuliani roberto - mar 08\r\n\r\n      ', 2, '2008-04-10', 'N', 'corrado.baglioni', '2008', '2008-04-10', '2008-04-10'),
(861, '65', '2008-03-18', 'Assegno Bancario', 0.00, 600.00, '3', '                              rimborso spese mestri platini fabrizio - gen  - feb 08 - assegno n. 3212063121-07                      ', 2, '2008-03-18', 'N', 'corrado.baglioni', '2008', '2008-03-18', '2008-03-18'),
(862, '84', '2008-03-18', 'Contanti', 0.00, 312.00, '2', '                                                                                rimborso spese maestri Gilberto Negri - gen  - feb 08                        ', 2, '2008-03-18', 'N', 'marica.regis', '2008', '2008-03-18', '2008-03-18'),
(863, '228', '2008-03-04', 'Contanti', 0.00, 30.00, '2', '                                     spese per acquisto francobolli - Balama Federica               ', 3, '2008-03-04', 'N', 'corrado.baglioni', '2008', '2008-03-04', '2008-03-04'),
(864, '2', '2008-05-22', 'Contanti', 20.00, 0.00, '2', '                                                 Tesseramento 2008                                                       ', 18, '2008-05-22', 'N', 'corrado.baglioni', '2008', '2008-05-22', '2008-05-22'),
(865, '3', '2008-05-22', 'Contanti', 20.00, 0.00, '2', '                                              Tesseramento 2008                                                                                  ', 18, '2008-05-22', 'N', 'corrado.baglioni', '2008', '2008-05-22', '2008-05-22'),
(866, '4', '2008-05-22', 'Contanti', 10.00, 0.00, '2', '                                  Tesseramento 2008                                          ', 18, '2008-05-22', 'N', 'corrado.baglioni', '2008', '2008-05-22', '2008-05-22'),
(867, '6', '2008-05-22', 'Contanti', 270.00, 0.00, '2', '                               Servizio Piane di Serravalle 11/05/08 Priori oratorio S. Carlo                     ', 22, '2008-05-11', 'N', 'corrado.baglioni', '2008', '2008-05-11', '2008-05-11'),
(868, '309', '2008-05-22', 'Contanti', 150.00, 0.00, '2', '                                       Tesseramento componenti Coro anno 2008  15 componenti           ', 18, '2008-03-07', 'N', 'corrado.baglioni', '2008', '2008-03-07', '2008-03-07'),
(869, '310', '2008-05-22', 'Contanti', 0.00, 74.00, '2', '                                                           Prima fornitura distributore caffè Lavazza con consegna macchina e mobiletto                                             ', 13, '2008-04-30', 'N', 'corrado.baglioni', '2008', '2008-04-30', '2008-04-30'),
(870, '211', '2008-05-22', 'Contanti', 0.00, 11.85, '2', '                                Colazione 1 maggio 2008                    ', 13, '2008-04-30', 'N', 'corrado.baglioni', '2008', '2008-04-30', '2008-04-30'),
(871, '311', '2008-05-22', 'Contanti', 10.00, 0.00, '2', '                                                         Tesseramento 2008                                               ', 18, '2008-03-09', 'N', 'corrado.baglioni', '2008', '2008-03-09', '2008-03-09'),
(872, '312', '2008-05-22', 'Contanti', 10.00, 0.00, '2', '                                Tesseramento 2008                    ', 18, '2008-03-09', 'N', 'corrado.baglioni', '2008', '2008-03-09', '2008-03-09'),
(873, '13', '2008-05-22', 'Contanti', 20.00, 0.00, '2', '                                               Tesseramento 2008     ', 18, '2008-03-09', 'N', 'corrado.baglioni', '2008', '2008-03-09', '2008-03-09'),
(874, '12', '2008-05-22', 'Contanti', 20.00, 0.00, '2', '                                       Tesseramento 2008                  ', 18, '2008-03-09', 'N', 'corrado.baglioni', '2008', '2008-03-09', '2008-03-09'),
(875, '313', '2008-05-22', 'Contanti', 20.00, 0.00, '2', '                                                           Tesseramento 2008                                                  ', 18, '2008-03-09', 'N', 'corrado.baglioni', '2008', '2008-03-09', '2008-03-09'),
(876, '255', '2008-01-02', 'Contanti', 6.00, 0.00, '2', '                                                                 Tesseramento 2007                                       ', 18, '2008-01-02', 'N', 'marica.regis', '2008', '2008-01-02', '2008-01-02'),
(877, '250', '2008-01-02', 'Contanti', 20.00, 0.00, '2', '      Tesseramento 2007                                              ', 18, '2008-01-02', 'N', 'marica.regis', '2008', '2008-01-02', '2008-01-02'),
(878, '254', '2008-01-02', 'Contanti', 6.00, 0.00, '2', '                                    Tesseramento 2007                ', 18, '2008-01-02', 'N', 'marica.regis', '2008', '2008-01-02', '2008-01-02'),
(879, '252', '2008-01-02', 'Contanti', 6.00, 0.00, '2', '                       Tesseramento 2007                             ', 18, '2008-01-02', 'N', 'marica.regis', '2008', '2008-01-02', '2008-01-02'),
(880, '20', '2008-03-07', 'Contanti', 10.00, 0.00, '2', ' Tesseramento 2008                                                    ', 18, '2008-03-07', 'N', 'marica.regis', '2008', '2008-03-07', '2008-03-07'),
(881, '314', '2008-03-04', 'Contanti', 8.00, 0.00, '2', '                            Tesseramento 2008                                                             ', 18, '2008-03-04', 'N', 'marica.regis', '2008', '2008-03-04', '2008-03-04'),
(882, '315', '2008-03-04', 'Contanti', 7.00, 0.00, '2', '                                                   Tesseramento 2008  ', 18, '2008-03-04', 'N', 'marica.regis', '2008', '2008-03-04', '2008-03-04'),
(883, '308', '2008-03-04', 'Contanti', 10.00, 0.00, '2', '                                                     Tesseramento 2008', 18, '2008-03-04', 'N', 'marica.regis', '2008', '2008-03-04', '2008-03-04'),
(884, '11', '2008-03-04', 'Contanti', 10.00, 0.00, '2', '     Tesseramento 2008                                                ', 18, '2008-03-04', 'N', 'marica.regis', '2008', '2008-03-04', '2008-03-04'),
(885, '72', '2008-03-04', 'Contanti', 10.00, 0.00, '2', '   Tesseramento 2008                                                  ', 18, '2008-03-04', 'N', 'marica.regis', '2008', '2008-03-04', '2008-03-04'),
(886, '10', '2008-03-04', 'Contanti', 10.00, 0.00, '2', '  Tesseramento 2008                                                   ', 18, '2008-03-04', 'N', 'marica.regis', '2008', '2008-03-04', '2008-03-04'),
(887, '256', '2008-03-04', 'Contanti', 10.00, 0.00, '2', '           Tesseramento 2008                                          ', 18, '2008-03-04', 'N', 'marica.regis', '2008', '2008-03-04', '2008-03-04'),
(888, '256', '2008-03-04', 'Contanti', 40.00, 0.00, '2', '               Oblazione 2008                                     ', 41, '2008-03-04', 'N', 'marica.regis', '2008', '2008-03-04', '2008-03-04'),
(889, '258', '2008-03-04', 'Contanti', 15.00, 0.00, '2', '   Tesseramento 2008                                                  ', 18, '2008-03-04', 'N', 'marica.regis', '2008', '2008-03-04', '2008-03-04'),
(890, '257', '2008-03-04', 'Contanti', 15.00, 0.00, '2', '  Tesseramento 2008                                                   ', 18, '2008-03-04', 'N', 'marica.regis', '2008', '2008-03-04', '2008-03-04'),
(891, '228', '2008-03-04', 'Contanti', 10.00, 0.00, '2', '           Tesseramento 2008                                          ', 18, '2008-03-04', 'N', 'marica.regis', '2008', '2008-03-04', '2008-03-04'),
(892, '316', '2008-03-04', 'Contanti', 10.00, 0.00, '2', '                                        Tesseramento 2008                                                                 ', 18, '2008-03-04', 'N', 'marica.regis', '2008', '2008-03-04', '2008-03-04'),
(893, '317', '2008-03-04', 'Contanti', 7.00, 0.00, '2', '                                Tesseramento 2008                                                                         ', 18, '2008-03-04', 'N', 'marica.regis', '2008', '2008-03-04', '2008-03-04'),
(894, '17', '2008-03-04', 'Contanti', 10.00, 0.00, '2', ' Tesseramento 2008', 18, '2008-03-04', 'N', 'marica.regis', '2008', '2008-03-04', '2008-03-04'),
(895, '318', '2008-03-18', 'Contanti', 140.00, 0.00, '2', 'Oblazione 2008 in memoria di Borelli Luciano', 41, '2008-03-18', 'N', 'marica.regis', '2008', '2008-03-18', '2008-03-18'),
(896, '307', '2008-04-19', 'Contanti', 0.00, 2290.00, '2', '       Acquisto clarinetto Buffet Crampon RC                                             ', 5, '2008-04-19', 'N', 'marica.regis', '2008', '2008-04-19', '2008-04-19'),
(897, '307', '2008-05-17', 'Contanti', 0.00, 180.00, '2', '                                  Riparazione Clarinetto Yamaha                                                                      ', 36, '2008-05-17', 'N', 'marica.regis', '2008', '2008-05-17', '2008-05-17'),
(898, '161', '2008-05-17', 'Contanti', 2470.00, 0.00, '2', '                                                                                Donazione 2008 Pozzi Mauro per strumenti                        ', 30, '2008-05-17', 'N', 'marica.regis', '2008', '2008-05-17', '2008-05-17'),
(899, '229', '2008-04-05', 'Contanti', 10.00, 0.00, '2', '                                           Contributo lezione mese Aprile 2008 Agazzini Linda                                                             ', 20, '2008-04-05', 'N', 'marica.regis', '2008', '2008-04-05', '2008-04-05'),
(900, '282', '2008-04-05', 'Contanti', 10.00, 0.00, '2', '                                                    Contributo lezione mese Aprile 2008 Mingolla Paola                                         ', 20, '2008-04-05', 'N', 'marica.regis', '2008', '2008-04-05', '2008-04-05'),
(901, '279', '2008-04-05', 'Contanti', 84.00, 0.00, '2', '                                                    Contributo lezione e strumento mesi di Gen/Feb/Mar/Aprile 2008 Tomalino Christian                                                 ', 20, '2008-04-05', 'N', 'marica.regis', '2008', '2008-04-05', '2008-04-05'),
(902, '295', '2008-04-05', 'Contanti', 10.00, 0.00, '2', 'Contributo lezione mese Marzo 2008 Millone Marianna                                                 ', 20, '2008-04-05', 'N', 'marica.regis', '2008', '2008-04-05', '2008-04-05'),
(903, '25', '2008-04-05', 'Contanti', 21.00, 0.00, '2', '                 Contributo lezione e strumento Marzo 2008 Pagnoni Federico', 20, '2008-04-05', 'N', 'marica.regis', '2008', '2008-04-05', '2008-04-05'),
(904, '296', '2008-05-05', 'Contanti', 21.00, 0.00, '2', '                             Contributo lezione e strumento mese Aprile 2008 Cerutti Alessandro                                                                        ', 20, '2008-05-05', 'N', 'marica.regis', '2008', '2008-05-05', '2008-05-05'),
(905, '25', '2008-05-05', 'Contanti', 21.00, 0.00, '2', '                                                    Contributo lezione e strumento mese Aprile 2008 Pagnoni Federico', 20, '2008-05-05', 'N', 'marica.regis', '2008', '2008-05-05', '2008-05-05'),
(906, '293', '2008-05-05', 'Contanti', 50.00, 0.00, '2', '         Contributo lezione mese Dic.2007/Gen/Feb/Mar/Aprile 2008 Borsoi Alberto                                                                                       ', 20, '2008-05-05', 'N', 'marica.regis', '2008', '2008-05-05', '2008-05-05'),
(907, '26', '2008-05-31', 'Contanti', 20.00, 0.00, '2', '                    Contributo lezione mese Aprile e Maggio 2008 Pontini Andrea                                                                                ', 20, '2008-05-31', 'N', 'marica.regis', '2008', '2008-05-31', '2008-05-31'),
(908, '305', '2008-04-21', 'Contanti', 0.00, 167.29, '2', '                            Cancelleria varia Mondoffice ft. 58/296125 del 21/04/08                                                             ', 12, '2008-04-21', 'N', 'marica.regis', '2008', '2008-04-21', '2008-04-21'),
(909, '112', '2008-02-05', 'Contanti', 270.00, 0.00, '2', 'Comitato carnevale di Valduggia servizio del 05/02/08              ', 22, '2008-02-05', 'N', 'marica.regis', '2008', '2008-02-05', '2008-02-05'),
(910, '243', '2008-04-09', 'Contanti', 0.00, 43.00, '2', '                            Trony acquisto combustibile un fustino                                                      ', 10, '2008-04-09', 'N', 'marica.regis', '2008', '2008-04-09', '2008-04-09'),
(911, '86', '2008-04-09', 'Contanti', 0.00, 55.00, '2', '                                                                                    Ricarica 50   Ezio + scheda Tino 5  nuovo cell. 3485798625                                                                                             ', 31, '2008-04-09', 'N', 'marica.regis', '2008', '2008-04-09', '2008-04-09'),
(912, '229', '2008-04-09', 'Contanti', 10.00, 0.00, '2', 'Lezione marzo 2008 Agazzini Linda                                      ', 20, '2008-04-09', 'N', 'marica.regis', '2008', '2008-04-09', '2008-04-09'),
(913, '282', '2008-04-09', 'Contanti', 10.00, 0.00, '2', '   Lezione marzo 2008 Mingolla Paola                                                                  ', 20, '2008-04-09', 'N', 'marica.regis', '2008', '2008-04-09', '2008-04-09'),
(914, '229', '2008-04-09', 'Contanti', 20.00, 0.00, '2', '  Lezione gen/feb.  2008 Agazzini Linda                                                                   ', 20, '2008-04-09', 'N', 'marica.regis', '2008', '2008-04-09', '2008-04-09'),
(915, '230', '2008-04-09', 'Contanti', 20.00, 0.00, '2', '                        Lezione gen/feb.  2008 Agazzini Lorenzo                            ', 20, '2008-04-09', 'N', 'marica.regis', '2008', '2008-04-09', '2008-04-09'),
(916, '282', '2008-04-09', 'Contanti', 20.00, 0.00, '2', '      Lezione gen/feb.  2008 Mingolla Paola                                              ', 20, '2008-04-09', 'N', 'marica.regis', '2008', '2008-04-09', '2008-04-09'),
(917, '26', '2008-04-09', 'Contanti', 20.00, 0.00, '2', '  Lezione gen/feb.  2008 Pontini Andrea                                                  ', 20, '2008-04-09', 'N', 'marica.regis', '2008', '2008-04-09', '2008-04-09'),
(918, '294', '2008-04-09', 'Contanti', 20.00, 0.00, '2', '              Lezione gen/feb.  2008 Ferraris Marco                                      ', 20, '2008-04-09', 'N', 'marica.regis', '2008', '2008-04-09', '2008-04-09'),
(919, '295', '2008-04-09', 'Contanti', 10.00, 0.00, '2', '              Lezione febbraio  2008 Millone Marianna                                      ', 20, '2008-04-09', 'N', 'marica.regis', '2008', '2008-04-09', '2008-04-09'),
(920, '296', '2008-04-09', 'Contanti', 21.00, 0.00, '2', '       Lezione + strumento gennaio 2008                                              ', 20, '2008-04-09', 'N', 'marica.regis', '2008', '2008-04-09', '2008-04-09'),
(921, '296', '2008-04-09', 'Contanti', 21.00, 0.00, '2', '                      Lezione + strumento febbraio 2008                                                                    ', 20, '2008-04-09', 'N', 'marica.regis', '2008', '2008-04-09', '2008-04-09'),
(922, '280', '2008-04-09', 'Contanti', 50.00, 0.00, '2', 'Lezione ott/nov/dic. 2007 gen/feb. 2008 Saragno Annalisa                                         ', 20, '2008-04-09', 'N', 'marica.regis', '2008', '2008-04-09', '2008-04-09'),
(923, '287', '2008-04-09', 'Contanti', 77.00, 0.00, '2', 'Strumento nov/dic. 2007 gen/feb/mar/apr/mag. 2008                                                                   ', 20, '2008-04-09', 'N', 'marica.regis', '2008', '2008-04-09', '2008-04-09'),
(924, '221', '2008-04-09', 'Contanti', 50.00, 0.00, '2', '       Lezione ott/nov/dic. 2007 gen/feb. 2008   Rosaclerio Camilla                                                                                ', 20, '2008-04-09', 'N', 'marica.regis', '2008', '2008-04-09', '2008-04-09'),
(925, '244', '2008-04-09', 'Contanti', 66.00, 0.00, '2', '                            Strumento lug/ago/set/ott/nov/dic 2007   Carbone Nicolò                                                                                                  ', 20, '2008-04-09', 'N', 'corrado.baglioni', '2008', '2008-04-09', '2008-04-09'),
(926, '270', '2008-04-16', 'Assegno Bancario', 798.00, 0.00, '3', 'Provincia di Novara "una provincia in cartolina" febbraio 2007', 22, '2008-04-08', 'N', 'marica.regis', '2008', '2008-04-08', '2008-04-08'),
(927, '319', '2008-04-09', 'Contanti', 7.00, 0.00, '2', '                            Tesseramento Lovatto Bruno                                                                           ', 18, '2008-04-09', 'N', 'marica.regis', '2008', '2008-04-09', '2008-04-09'),
(928, '167', '2008-03-07', 'Contanti', 0.00, 11.40, '2', '                            Rimborso spese 2006 Vogesi Antonio                                                                            ', 27, '2008-03-07', 'Y', 'marica.regis', '2008', '2008-03-07', '2008-03-07'),
(929, '164', '2008-03-07', 'Contanti', 0.00, 48.30, '2', 'Rimborso spese 2006 Turuani Egidio                                                    ', 27, '2008-03-07', 'Y', 'marica.regis', '2008', '2008-03-07', '2008-03-07'),
(930, '285', '2008-01-19', 'Contanti', 0.00, 9.50, '2', '                 Acquisto album cartoline                                   ', 12, '2008-01-19', 'N', 'marica.regis', '2008', '2008-01-19', '2008-01-19'),
(931, '261', '2008-03-07', 'Contanti', 0.00, 60.00, '2', 'Contributo calendario Grignasco 2008                                                     ', 3, '2008-03-07', 'N', 'marica.regis', '2008', '2008-03-07', '2008-03-07'),
(932, '295', '2008-03-07', 'Contanti', 10.00, 0.00, '2', ' Lezione gennaio 2008                                 Millone Marianna                   ', 20, '2008-03-07', 'N', 'marica.regis', '2008', '2008-03-07', '2008-03-07'),
(933, '65', '2008-01-30', 'Assegno Bancario', 0.00, 600.00, '3', 'Rimborso maestro Fabrizio Platini Nov/Dic. 2007 assegno n° 3205127650                                                                          ', 2, '2008-01-30', 'N', 'marica.regis', '2008', '2008-01-30', '2008-01-30'),
(934, '130', '2008-03-31', 'Bonifico Bancario', 0.00, 20.70, '3', ' Competenze Inesa San Paolo 1° trim. 08                                                   ', 15, '2008-03-31', 'N', 'marica.regis', '2008', '2008-03-31', '2008-03-31'),
(935, '130', '2008-03-31', 'Bonifico Bancario', 0.00, 3.00, '3', ' Commissioni invio estratto conto banca Intesa 1° trim 08                                                  ', 15, '2008-03-31', 'N', 'marica.regis', '2008', '2008-03-31', '2008-03-31'),
(936, '130', '2008-03-31', 'Bonifico Bancario', 0.00, 18.45, '3', 'Imposta di bollo su c/c 1° trim 08 Intesa San Paolo                                                     ', 15, '2008-03-31', 'N', 'marica.regis', '2008', '2008-03-31', '2008-03-31'),
(937, '83', '2008-05-12', 'Bonifico Bancario', 2500.00, 0.00, '3', 'Rimborso spese servizi 2007 Comune Grignasco                                                    ', 19, '2008-05-12', 'N', 'marica.regis', '2008', '2008-05-12', '2008-05-12'),
(938, '129', '2008-04-10', 'Bonifico Bancario', 0.00, 81.87, '3', 'Energia elettrica feb/mar. 08                                                     ', 9, '2008-04-10', 'N', 'marica.regis', '2008', '2008-04-10', '2008-04-10'),
(939, '228', '2008-03-19', 'Contanti', 0.00, 3.85, '2', '          raccomandata a Prov.Novara x consuntivo 2007                                          ', 3, '2008-03-19', 'N', 'marica.regis', '2008', '2008-03-19', '2008-03-19'),
(940, '116', '2008-01-29', 'Contanti', 0.00, 35.00, '2', '                   Rinnovo cassetta postale tipo piccolo x anno 2008                                 ', 3, '2008-01-29', 'N', 'marica.regis', '2008', '2008-01-29', '2008-01-29'),
(941, '116', '2008-02-11', 'Contanti', 0.00, 19.27, '2', '            Racomandata e marca da bollo per Ministero dello spettacolo domanda contr. 2008                                        ', 3, '2008-02-10', 'N', 'marica.regis', '2008', '2008-02-10', '2008-02-10'),
(942, '183', '2008-05-28', 'Contanti', 0.00, 50.00, '2', '                                      Ricarica nuova scheda 3485798625              ', 31, '2008-05-28', 'N', 'marica.regis', '2008', '2008-05-28', '2008-05-28'),
(943, '65', '2008-05-14', 'Assegno Bancario', 0.00, 600.00, '3', '                       Rimborso bimestre marzo aprile 2008 Platini\r\nassegno n 3212063122-08                          ', 2, '2008-05-14', 'N', 'corrado.baglioni', '2008', '2008-05-14', '2008-05-14'),
(944, '84', '2008-05-14', 'Contanti', 0.00, 377.00, '2', '                       Rimborso marzo/aprile 2008                             ', 2, '2008-05-14', 'N', 'corrado.baglioni', '2008', '2008-05-14', '2008-05-14'),
(945, '34', '2008-05-14', 'Contanti', 0.00, 117.00, '2', '               Rimborso spese aprile 2008                                     ', 2, '2008-05-14', 'N', 'corrado.baglioni', '2008', '2008-05-14', '2008-05-14'),
(946, '194', '2008-05-20', 'Contanti', 0.00, 292.50, '2', '                            Rimborso spese gennaio/20 maggio 2008                        ', 2, '2008-05-20', 'N', 'corrado.baglioni', '2008', '2008-05-20', '2008-05-20'),
(947, '276', '2008-05-01', 'Contanti', 50.00, 0.00, '2', '                            Oblazione ricevuta durante servizio "Sveglia" 01/05/08 da Cav. Mario Zanaroli                        ', 41, '2008-05-01', 'N', 'corrado.baglioni', '2008', '2008-05-01', '2008-05-01'),
(948, '69', '2008-02-15', 'Contanti', 0.00, 285.78, '2', '                  Tesseramento Anbima 2008                                  ', 17, '2008-02-15', 'N', 'corrado.baglioni', '2008', '2008-02-15', '2008-02-15'),
(949, '144', '2008-05-16', 'Contanti', 0.00, 30.00, '2', '                                Acquisto libretti Inni Nazionali per corni                    ', 6, '2008-05-16', 'N', 'corrado.baglioni', '2008', '2008-05-16', '2008-05-16'),
(950, '272', '2008-05-25', 'Contanti', 300.00, 0.00, '2', '                                   Servizio del 25/05/08 Alpini di Valbusaga                 ', 22, '2008-05-25', 'N', 'corrado.baglioni', '2008', '2008-05-25', '2008-05-25'),
(951, '231', '2008-02-07', 'Contanti', 0.00, 167.00, '2', '                     Abbonamento SIAE 2008                               ', 8, '2008-03-07', 'N', 'corrado.baglioni', '2008', '2008-03-07', '2008-03-07'),
(952, '243', '2008-03-07', 'Contanti', 0.00, 43.00, '2', '                          Aquisto tanica combustibile sede                           ', 10, '2008-03-07', 'N', 'corrado.baglioni', '2008', '2008-03-07', '2008-03-07'),
(953, '320', '2008-01-20', 'Contanti', 240.00, 0.00, '2', '                                                 Servizio Carnevale Sagliaschi 20/01/08                                                       ', 22, '2008-01-20', 'N', 'corrado.baglioni', '2008', '2008-01-20', '2008-01-20'),
(954, '237', '2008-01-27', 'Contanti', 300.00, 0.00, '2', '                              Rimborso spese servizio carnevale Piane Sesia                      ', 22, '2008-01-27', 'N', 'corrado.baglioni', '2008', '2008-01-27', '2008-01-27'),
(955, '110', '2008-02-03', 'Contanti', 240.00, 0.00, '2', '    Servizio di S. Agata Ara 2008                                                ', 22, '2008-02-03', 'N', 'corrado.baglioni', '2008', '2008-02-03', '2008-02-03'),
(956, '193', '2008-02-07', 'Contanti', 200.00, 0.00, '2', '    Oblazione di Bertaggia Ruggero in memoria del papà Idillio                                                ', 41, '2008-02-07', 'N', 'corrado.baglioni', '2008', '2008-02-07', '2008-02-07'),
(957, '228', '2008-02-07', 'Contanti', 27.00, 0.00, '2', '                  Tesseramento Federica Balma, Massimo Perazzi, Gianpiera Perazzi                                  ', 18, '2008-02-07', 'N', 'corrado.baglioni', '2008', '2008-02-07', '2008-02-07'),
(958, '243', '2008-02-15', 'Contanti', 0.00, 43.00, '2', '   Acquisto tanica combustibile stufa sede                                                 ', 10, '2008-02-15', 'N', 'corrado.baglioni', '2008', '2008-02-15', '2008-02-15'),
(959, '266', '2008-01-04', 'Contanti', 0.00, 3.60, '2', '                                  Copia chiavi per sede                                                                      ', 38, '2008-01-04', 'N', 'corrado.baglioni', '2008', '2008-01-04', '2008-01-04'),
(960, '260', '2008-01-19', 'Contanti', 0.00, 7.50, '2', '    Fogli per copertine di plastica                                                ', 12, '2008-01-19', 'N', 'corrado.baglioni', '2008', '2008-01-19', '2008-01-19'),
(961, '115', '2008-03-20', 'Contanti', 0.00, 1.00, '2', '  Cartelletta                                                  ', 12, '2008-03-20', 'N', 'corrado.baglioni', '2008', '2008-03-20', '2008-03-20'),
(962, '321', '2008-03-20', 'Contanti', 0.00, 3.60, '2', '   Buste a L                                                 ', 12, '2008-03-20', 'N', 'corrado.baglioni', '2008', '2008-03-20', '2008-03-20'),
(963, '16', '2008-03-12', 'Contanti', 10.00, 0.00, '2', '    Tesseramento 2008                                                ', 18, '2008-03-12', 'N', 'corrado.baglioni', '2008', '2008-03-12', '2008-03-12'),
(964, '322', '2008-03-12', 'Contanti', 10.00, 0.00, '2', '      Tesseramento 2008                                              ', 18, '2008-03-12', 'N', 'corrado.baglioni', '2008', '2008-03-12', '2008-03-12'),
(965, '129', '2008-06-10', 'Bonifico Bancario', 0.00, 43.10, '3', '     Bolletta per il periodo aprile - maggio 2008                                               ', 9, '2008-05-21', 'N', 'corrado.baglioni', '2008', '2008-05-21', '2008-05-21'),
(966, '236', '2008-05-31', 'Contanti', 0.00, 25.00, '2', '     Rimborso spese servizio 25 aprile e 2 giugno Novara                                               ', 27, '2008-05-31', 'N', 'corrado.baglioni', '2008', '2008-05-31', '2008-05-31'),
(967, '264', '2008-06-01', 'Contanti', 0.00, 625.00, '2', '   Rimborsi musici esterni concerto 01/06/08\r\nPavan 25, raffaella 25,Alessandra 25, Paola 25,Poli P. 45, Poli S. 35, Vaudano 25, Rondi 25, Andrea corno 70, Giletti e consorte 90, Canella 30, Cucchi 70, Domenico 25, Calligaris 25, Francesca 50.                                                 ', 27, '2008-06-01', 'N', 'corrado.baglioni', '2008', '2008-06-01', '2008-06-01'),
(968, '34', '2008-05-31', 'Contanti', 0.00, 78.00, '2', '        Rimborso scuola alievi maggio 2008                                            ', 2, '2008-05-31', 'N', 'corrado.baglioni', '2008', '2008-05-31', '2008-05-31'),
(969, '36', '2008-05-31', 'Contanti', 10.00, 0.00, '2', '          Tesseramento socio sostenitore 2008 - Baglioni                                            ', 18, '2008-05-31', 'N', 'corrado.baglioni', '2008', '2008-05-31', '2008-05-31'),
(970, '37', '2008-05-31', 'Contanti', 7.00, 0.00, '2', '              Tesseramento socio sostenitore 2008 - Baglioni                                                                                  ', 18, '2008-05-31', 'N', 'corrado.baglioni', '2008', '2008-05-31', '2008-05-31');
INSERT INTO `sd_movimenti` (`ID_Movimento`, `ID_Soggetto`, `Data_Valuta`, `Tipo_Pagamento`, `Entrate`, `Uscite`, `ID_Banca`, `Descrizione`, `Id_Voce_Bilancio`, `Data_Competenza`, `Deleted`, `ID_Admin`, `Anno_Bilancio`, `data_inserimento`, `data_modifica`) VALUES 
(971, '41', '2008-05-31', 'Contanti', 10.00, 0.00, '2', '          Tesseramento socio sostenitore 2008 - Baglioni                                                                                      ', 18, '2008-05-31', 'N', 'corrado.baglioni', '2008', '2008-05-31', '2008-05-31'),
(972, '43', '2008-05-31', 'Contanti', 10.00, 0.00, '2', '                  Tesseramento socio sostenitore 2008 - Baglioni                                                                              ', 18, '2008-05-31', 'N', 'corrado.baglioni', '2008', '2008-05-31', '2008-05-31'),
(973, '44', '2008-05-31', 'Contanti', 10.00, 0.00, '2', '                 Tesseramento socio sostenitore 2008 - Baglioni                                                                               ', 18, '2008-05-31', 'N', 'corrado.baglioni', '2008', '2008-05-31', '2008-05-31'),
(974, '45', '2008-05-31', 'Contanti', 20.00, 0.00, '2', '                   Tesseramento socio sostenitore 2008 - Baglioni                                                                             ', 18, '2008-05-31', 'N', 'corrado.baglioni', '2008', '2008-05-31', '2008-05-31'),
(975, '46', '2008-05-31', 'Contanti', 10.00, 0.00, '2', '                                    Tesseramento socio sostenitore 2008 - Baglioni                                                            ', 18, '2008-05-31', 'N', 'corrado.baglioni', '2008', '2008-05-31', '2008-05-31'),
(976, '47', '2008-05-31', 'Contanti', 7.00, 0.00, '2', '            Tesseramento socio sostenitore 2008 - Baglioni                                                                                    ', 18, '2008-05-31', 'N', 'corrado.baglioni', '2008', '2008-05-31', '2008-05-31'),
(977, '48', '2008-05-31', 'Contanti', 10.00, 0.00, '2', '                               Tesseramento socio sostenitore 2008 - Baglioni                                                                 ', 18, '2008-05-31', 'N', 'corrado.baglioni', '2008', '2008-05-31', '2008-05-31'),
(978, '49', '2008-05-31', 'Contanti', 10.00, 0.00, '2', '                               Tesseramento socio sostenitore 2008 - Baglioni                                                                 ', 18, '2008-05-30', 'N', 'corrado.baglioni', '2008', '2008-05-30', '2008-05-30'),
(979, '50', '2008-05-31', 'Contanti', 10.00, 0.00, '2', '                                         Tesseramento socio sostenitore 2008 - Baglioni                                                       ', 18, '2008-05-31', 'N', 'corrado.baglioni', '2008', '2008-05-31', '2008-05-31'),
(980, '52', '2008-05-31', 'Contanti', 20.00, 0.00, '2', '                          Tesseramento socio sostenitore 2008 - Baglioni                                                                      ', 18, '2008-05-31', 'N', 'corrado.baglioni', '2008', '2008-05-31', '2008-05-31'),
(981, '53', '2008-05-31', 'Contanti', 10.00, 0.00, '2', '                                    Tesseramento socio sostenitore 2008 - Baglioni                                                            ', 18, '2008-05-31', 'N', 'corrado.baglioni', '2008', '2008-05-31', '2008-05-31'),
(982, '286', '2008-05-31', 'Contanti', 10.00, 0.00, '2', '                                                   Tesseramento socio sostenitore 2008 - Baglioni                                             ', 18, '2008-05-31', 'N', 'corrado.baglioni', '2008', '2008-05-31', '2008-05-31'),
(983, '54', '2008-05-31', 'Contanti', 10.00, 0.00, '2', '                               Tesseramento socio sostenitore 2008 - Baglioni                                                                 ', 18, '2008-05-31', 'N', 'corrado.baglioni', '2008', '2008-05-31', '2008-05-31'),
(984, '323', '2008-05-31', 'Contanti', 10.00, 0.00, '2', '                                         Tesseramento socio sostenitore 2008 - Baglioni                                                                                                           ', 18, '2008-05-30', 'N', 'corrado.baglioni', '2008', '2008-05-30', '2008-05-30'),
(985, '212', '2008-06-01', 'Contanti', 0.00, 45.00, '2', '                               n° 3 teglie di pizza per rinfresco concerto                                                                         ', 13, '2008-06-01', 'N', 'corrado.baglioni', '2008', '2008-06-01', '2008-06-01'),
(986, '211', '2008-06-01', 'Contanti', 0.00, 26.68, '2', '     Vino, coca cola e ptatine per rinfresco concerto                                               ', 13, '2008-06-01', 'N', 'corrado.baglioni', '2008', '2008-06-01', '2008-06-01'),
(987, '78', '2008-06-02', 'Contanti', 25.00, 0.00, '2', '       Rimborso spese concerto lasciata come oblazione per scuola allievi                                             ', 41, '2008-06-02', 'N', 'corrado.baglioni', '2008', '2008-06-02', '2008-06-02'),
(988, '89', '2008-06-02', 'Contanti', 25.00, 0.00, '2', '    Rimborso spese concerto lasciata come oblazione per scuola allievi                                                  ', 41, '2008-06-02', 'N', 'corrado.baglioni', '2008', '2008-06-02', '2008-06-02'),
(989, '59', '2008-06-02', 'Contanti', 200.00, 0.00, '2', '     Rimborso spese Servizio per la Commemorazione della "Battaglia del Cimitero"                                               ', 22, '2008-06-02', 'N', 'corrado.baglioni', '2008', '2008-06-02', '2008-06-02'),
(990, '264', '2008-06-06', 'Contanti', 0.00, 145.00, '2', '     Rimborso spese musici esterni Servizio di Vercelli del 06/06/2008\r\nPoli Stefano e Paolo 40 \r\nFarassino Gippo 30 \r\nCannella Egidio 35 \r\nCorno Andrea 40 \r\n                                               ', 27, '2008-06-06', 'N', 'corrado.baglioni', '2008', '2008-06-06', '2008-06-06'),
(991, '274', '2008-07-02', 'Contanti', 10.00, 0.00, '2', '                                                  Tesseramento socio sostenitore 2008 - Sede', 18, '2008-07-02', 'N', 'marica.regis', '2008', '2008-07-02', '2008-07-02'),
(992, '21', '2008-07-02', 'Contanti', 10.00, 0.00, '2', '                                Tesseramento socio sostenitore 2008 - Dal Fovo', 18, '2008-07-02', 'N', 'marica.regis', '2008', '2008-07-02', '2008-07-02'),
(993, '19', '2008-07-02', 'Contanti', 7.00, 0.00, '2', 'Tesseramento socio ordinario 2008 - Dal Fovo                                       ', 18, '2008-07-02', 'N', 'marica.regis', '2008', '2008-07-02', '2008-07-02'),
(994, '253', '2008-07-02', 'Contanti', 10.00, 0.00, '2', 'Tesseramento socio sostenitore 2008 - Dal Fovo                                                      ', 18, '2008-07-02', 'N', 'marica.regis', '2008', '2008-07-02', '2008-07-02'),
(995, '262', '2008-07-02', 'Contanti', 10.00, 0.00, '2', '      Tesseramento socio sostenitore 2008 - Dal Fovo                                                  ', 18, '2008-07-02', 'N', 'marica.regis', '2008', '2008-07-02', '2008-07-02'),
(996, '38', '2008-07-02', 'Contanti', 10.00, 0.00, '2', 'Tesseramento socio sostenitore 2008 - Dal Fovo                                      ', 18, '2008-07-02', 'N', 'marica.regis', '2008', '2008-07-02', '2008-07-02'),
(997, '324', '2008-07-02', 'Contanti', 50.00, 0.00, '2', '                            Tesseramento socio sostenitore 2008 - Dal Fovo                                                                          ', 18, '2008-07-02', 'N', 'marica.regis', '2008', '2008-07-02', '2008-07-02'),
(998, '204', '2008-07-02', 'Contanti', 240.00, 0.00, '2', 'Gruppo Alpini Grignasco - servizio del 15/O6/2008                                                    ', 22, '2008-06-15', 'N', 'marica.regis', '2008', '2008-06-15', '2008-06-15'),
(999, '72', '2008-07-02', 'Contanti', 0.00, 3.80, '2', '  Raccomandata a Ministero dello Spettacolo x consuntivo 2007                                                  ', 3, '2008-07-02', 'N', 'marica.regis', '2008', '2008-07-02', '2008-07-02'),
(1000, '325', '2008-07-02', 'Contanti', 0.00, 38.00, '2', '                              Acquisto tende per sede Scampoli Saglietti                                                                          ', 38, '2008-05-31', 'N', 'marica.regis', '2008', '2008-05-31', '2008-05-31'),
(1001, '267', '2008-07-02', 'Contanti', 0.00, 35.45, '2', ' Acquisto bacchette per tende CIPIR                                                 ', 38, '2008-05-31', 'N', 'marica.regis', '2008', '2008-05-31', '2008-05-31'),
(1002, '115', '2008-07-02', 'Contanti', 0.00, 14.50, '2', ' Acquisto carta A3-A4 da Claudia                                                   ', 12, '2008-06-18', 'N', 'marica.regis', '2008', '2008-06-18', '2008-06-18'),
(1003, '221', '2008-07-02', 'Contanti', 30.00, 0.00, '2', 'Lezione marzo/aprile/maggio 2008 Rosaclerio Camilla                                                                         ', 20, '2008-07-02', 'N', 'marica.regis', '2008', '2008-07-02', '2008-07-02'),
(1004, '229', '2008-07-02', 'Contanti', 10.00, 0.00, '2', 'Lezione maggio 2008 Agazzini Lin da                                                   ', 20, '2008-07-02', 'N', 'marica.regis', '2008', '2008-07-02', '2008-07-02'),
(1005, '282', '2008-07-02', 'Contanti', 10.00, 0.00, '2', 'Lezione maggio 2008  Mingolla Paola                                              ', 20, '2008-07-02', 'N', 'marica.regis', '2008', '2008-07-02', '2008-07-02'),
(1006, '55', '2008-07-02', 'Contanti', 20.00, 0.00, '2', ' Lezione aprile/maggio 2008  Moretti Eleonora                                                 ', 20, '2008-07-02', 'N', 'marica.regis', '2008', '2008-07-02', '2008-07-02'),
(1007, '203', '2008-07-02', 'Contanti', 80.00, 0.00, '2', 'Lezione ottobre/nov./dic./gen./feb./marzo/aprile/maggio 2008  Massarotti Francesca                                                  ', 20, '2008-07-02', 'N', 'marica.regis', '2008', '2008-07-02', '2008-07-02'),
(1008, '296', '2008-07-02', 'Contanti', 21.00, 0.00, '2', 'Lezione + strumento maggio 2008 Cerutti Alessandro                                               ', 20, '2008-07-02', 'N', 'marica.regis', '2008', '2008-07-02', '2008-07-02'),
(1009, '29', '2008-07-02', 'Contanti', 63.00, 0.00, '2', ' Lezione + strumento  aprile/maggio/giugno 2008                                                  ', 20, '2008-07-02', 'N', 'marica.regis', '2008', '2008-07-02', '2008-07-02'),
(1010, '284', '2008-07-02', 'Contanti', 30.00, 0.00, '2', '  Lezione aprile/maggio/giugno 2008 Granieri Antonio                                                ', 20, '2008-07-02', 'N', 'marica.regis', '2008', '2008-07-02', '2008-07-02'),
(1011, '282', '2008-07-02', 'Contanti', 10.00, 0.00, '2', 'Lezione giugno 2008 Mingolla Paola                                                    ', 20, '2008-07-02', 'N', 'marica.regis', '2008', '2008-07-02', '2008-07-02'),
(1012, '229', '2008-07-02', 'Contanti', 10.00, 0.00, '2', ' Lezione giugno 2008 Agazzini Linda                                                   ', 20, '2008-07-02', 'N', 'marica.regis', '2008', '2008-07-02', '2008-07-02'),
(1013, '192', '2008-07-07', 'Contanti', 11.00, 0.00, '2', '        Oblazione brusca carnevale Ara Azzalin                                            ', 41, '2008-07-07', 'N', 'corrado.baglioni', '2008', '2008-07-07', '2008-07-07'),
(1014, '165', '2008-07-07', 'Contanti', 11.00, 0.00, '2', '    Oblazione brusca carnevale Ara Bonfiglio                                                ', 41, '2008-07-07', 'N', 'corrado.baglioni', '2008', '2008-07-07', '2008-07-07'),
(1015, '82', '2008-07-20', 'Contanti', 300.00, 0.00, '2', '               Rimborso spese per servizio di Zuccaro                                     ', 22, '2008-07-20', 'N', 'corrado.baglioni', '2008', '2008-07-20', '2008-07-20'),
(1016, '7', '2008-07-08', 'Assegno Bancario', 500.00, 0.00, '3', '             Rimborso spese servizi carnevale di Grignasco 2008                                       ', 22, '2008-07-08', 'N', 'corrado.baglioni', '2008', '2008-07-08', '2008-07-08'),
(1017, '326', '2008-07-18', 'Assegno Circolare', 998.19, 0.00, '3', '                        Contributo anno 2006                            ', 25, '2008-07-18', 'N', 'corrado.baglioni', '2008', '2008-07-18', '2008-07-18'),
(1018, '65', '2008-07-10', 'Assegno Bancario', 0.00, 600.00, '3', '                                       Rimborso spese maestro Platini Fabrizio maggio - giugno      assegno n° 3212063123-09                                                          ', 2, '2008-07-10', 'N', 'corrado.baglioni', '2008', '2008-07-10', '2008-07-10'),
(1019, '135', '2008-07-27', 'Contanti', 300.00, 0.00, '2', '          Rimborso spese per servizio Parrocchia di val Piana                                          ', 22, '2008-07-27', 'N', 'corrado.baglioni', '2008', '2008-07-27', '2008-07-27'),
(1020, '212', '2008-07-26', 'Contanti', 0.00, 55.00, '2', '             Acquisto pizza per rinfresco concerto destate 2008                                       ', 13, '2008-07-26', 'N', 'corrado.baglioni', '2008', '2008-07-26', '2008-07-26'),
(1021, '210', '2008-07-26', 'Contanti', 446.22, 0.00, '2', '                     Offerte ricevute durante concerto estivo 2008                               ', 22, '2008-07-26', 'N', 'corrado.baglioni', '2008', '2008-07-26', '2008-07-26'),
(1022, '264', '2008-07-26', 'Contanti', 0.00, 935.00, '2', '                 Rimborso musici esterni concerto Estate 2008: Alessio 30, Alessandra 45, Raffaella 25, DeMario 25, Rondi 25, Sogno 25, Elisabetta 25, Vaudano 25, Martinetti 25, Cosimo 60, Farassino 60, Poli P 60, Franco 25, Grigolon 100, Poli S 35 Federico Ferrari 100, Valerio 100, Andrea 70 Evelina 25 Domenico 25, Calligaris 25                                   ', 27, '2008-07-26', 'N', 'corrado.baglioni', '2008', '2008-07-26', '2008-07-26'),
(1023, '89', '2008-07-26', 'Contanti', 25.00, 0.00, '2', '       Oblazione rimborso concerto estate 2008                                             ', 41, '2008-07-26', 'N', 'corrado.baglioni', '2008', '2008-07-26', '2008-07-26'),
(1024, '78', '2008-07-26', 'Contanti', 25.00, 0.00, '2', '                oblazione rimborso concerto estate 2008                                    ', 41, '2008-07-26', 'N', 'corrado.baglioni', '2008', '2008-07-26', '2008-07-26'),
(1025, '306', '2008-07-26', 'Contanti', 50.00, 0.00, '2', '                    oblazione rimborso spese concerto estate 2008 Raffaella e Franco Ghemme                                ', 41, '2008-07-26', 'N', 'corrado.baglioni', '2008', '2008-07-26', '2008-07-26'),
(1026, '211', '2008-07-12', 'Contanti', 0.00, 9.90, '2', '         Acquisto chiavetta USB per back-up compiuter                                           ', 35, '2008-07-12', 'N', 'corrado.baglioni', '2008', '2008-07-12', '2008-07-12'),
(1027, '243', '2008-07-12', 'Contanti', 0.00, 189.00, '2', '         acquisto frigorifero per sede                                           ', 38, '2008-07-12', 'N', 'corrado.baglioni', '2008', '2008-07-12', '2008-07-12'),
(1028, '83', '2008-07-18', 'Contanti', 0.00, 62.00, '2', '          Affissioni manifesti concerto estate 2008                                          ', 14, '2008-07-18', 'N', 'corrado.baglioni', '2008', '2008-07-18', '2008-07-18'),
(1029, '267', '2008-07-17', 'Contanti', 0.00, 1.00, '2', '       acquisto cornice a giorno per sede                                             ', 38, '2008-07-17', 'N', 'corrado.baglioni', '2008', '2008-07-17', '2008-07-17'),
(1030, '260', '2008-07-18', 'Contanti', 0.00, 10.00, '2', '     Fotocopie manifesti concerto estate 2008                                               ', 12, '2008-07-18', 'N', 'corrado.baglioni', '2008', '2008-07-18', '2008-07-18'),
(1031, '84', '2008-07-29', 'Contanti', 0.00, 299.00, '2', '                      Rimborso maggio giugno 2008                              ', 2, '2008-07-29', 'N', 'corrado.baglioni', '2008', '2008-07-29', '2008-07-29'),
(1032, '183', '2008-08-04', 'Contanti', 40.00, 0.00, '2', '       Oblazione dei musici in occasione della grigliata di inizio estate                                             ', 41, '2008-08-04', 'N', 'corrado.baglioni', '2008', '2008-08-04', '2008-08-04'),
(1033, '67', '2008-08-04', 'Contanti', 0.00, 312.00, '2', '                             Rimborso spese primo semestre 2008                       ', 2, '2008-08-04', 'N', 'corrado.baglioni', '2008', '2008-08-04', '2008-08-04'),
(1034, '260', '2008-08-04', 'Contanti', 0.00, 1.80, '2', '   Fotocopie per concerto estate 2008                                                 ', 12, '2008-08-04', 'N', 'corrado.baglioni', '2008', '2008-08-04', '2008-08-04'),
(1035, '303', '2008-08-04', 'Contanti', 0.00, 120.00, '2', '         Acquisto toner per fotocopiatore sede                                           ', 12, '2008-08-04', 'N', 'corrado.baglioni', '2008', '2008-08-04', '2008-08-04'),
(1036, '270', '2008-08-04', 'Versamento Contanti', 2058.56, 0.00, '3', '                                           Contributo corso triennale di musica ad indirizzo bandistico 2008                                                             ', 26, '2008-08-04', 'N', 'corrado.baglioni', '2008', '2008-08-04', '2008-08-04'),
(1037, '26', '2008-08-20', 'Contanti', 10.00, 0.00, '2', '           lezioni mese di giugno 2008 Pontini ANDREA                                         ', 20, '2008-08-20', 'N', 'corrado.baglioni', '2008', '2008-08-20', '2008-08-20'),
(1038, '72', '2008-08-20', 'Contanti', 0.00, 38.17, '2', '       Rinfresco del 26-07-2008 concerto estate                                             ', 13, '2008-08-20', 'N', 'corrado.baglioni', '2008', '2008-08-20', '2008-08-20'),
(1039, '116', '2008-08-08', 'Contanti', 0.00, 9.00, '2', '         Acquisto francobolli per inviti concerto estate 2008                                           ', 3, '2008-08-08', 'N', 'corrado.baglioni', '2008', '2008-08-08', '2008-08-08'),
(1040, '131', '2008-06-12', 'Bonifico Bancario', 267.00, 0.00, '3', '        Bonifico da Comune Prato Sesia per servizio primo maggio 2007. (commissioni pari a 3 euro)                                            ', 22, '2008-06-11', 'N', 'corrado.baglioni', '2008', '2008-06-11', '2008-06-11'),
(1041, '130', '2008-06-30', 'Bonifico Bancario', 0.00, 2.00, '3', '                    Spese emissione estratto conto aprile giugno 2008                                ', 15, '2008-06-30', 'N', 'corrado.baglioni', '2008', '2008-06-30', '2008-06-30'),
(1042, '130', '2008-06-30', 'Bonifico Bancario', 0.00, 18.45, '3', '     imposta di bollo su estratto conto aprile giugno 2008                                               ', 15, '2008-06-30', 'N', 'corrado.baglioni', '2008', '2008-06-30', '2008-06-30'),
(1043, '130', '2008-06-30', 'Bonifico Bancario', 0.00, 21.79, '3', '      Competenze di chiusura                                              ', 15, '2008-06-30', 'N', 'corrado.baglioni', '2008', '2008-06-30', '2008-06-30'),
(1044, '270', '2008-07-14', 'Bonifico Bancario', 1300.00, 0.00, '3', '                                               Contributo provinciale L38 per anno 2007     ', 37, '2008-07-11', 'N', 'corrado.baglioni', '2008', '2008-07-11', '2008-07-11'),
(1045, '83', '2008-09-01', 'Bonifico Bancario', 1000.00, 0.00, '3', '        Contributo Comune di Grignasco 2008                                            ', 19, '2008-08-29', 'N', 'corrado.baglioni', '2008', '2008-08-29', '2008-08-29'),
(1046, '130', '2008-09-16', 'Bonifico Bancario', 0.00, 2.00, '3', '     Spese emissione estratto conto luglio setembre                                               ', 15, '2008-09-16', 'N', 'corrado.baglioni', '2008', '2008-09-16', '2008-09-16'),
(1047, '130', '2008-09-16', 'Bonifico Bancario', 0.00, 18.45, '3', '        Imposta di bollo su estratto conto giugno settembre                                            ', 15, '2008-09-16', 'N', 'corrado.baglioni', '2008', '2008-09-16', '2008-09-16'),
(1048, '130', '2008-09-16', 'Bonifico Bancario', 0.00, 25.06, '3', '        Competenze di chiusura luglio settembre 2008                                            ', 15, '2008-09-16', 'N', 'corrado.baglioni', '2008', '2008-09-16', '2008-09-16'),
(1049, '327', '2008-10-08', 'Carta di Credito', 0.00, 200.00, '3', '              Prelievo contanti per cassa bancomat                                      ', 28, '2008-10-08', 'N', 'corrado.baglioni', '2008', '2008-10-08', '2008-10-08'),
(1050, '183', '2008-10-08', 'Contanti', 200.00, 0.00, '2', '          Entrata da prelievo bancomat banca Prossima                                          ', 28, '2008-10-08', 'N', 'corrado.baglioni', '2008', '2008-10-08', '2008-10-08'),
(1051, '143', '2008-10-18', 'Contanti', 0.00, 173.75, '2', '    The Last Rose of Summer - Flowtow/ arr. Rallq - Completo\r\nPolka und Finale (aus der Oper) - Smetana/ arr. Beres - Completo                                                 ', 6, '2008-10-18', 'N', 'corrado.baglioni', '2008', '2008-10-18', '2008-10-18'),
(1052, '264', '2008-10-18', 'Contanti', 0.00, 15.00, '2', '        Rimborso servizio a novara per i 100 anni della Croce Rossa:\r\nVAlentina Varallo 15                                             ', 27, '2008-10-18', 'N', 'corrado.baglioni', '2008', '2008-10-18', '2008-10-18'),
(1053, '116', '2008-10-28', 'Contanti', 0.00, 20.23, '2', '    Raccomandata e marche da bollo per domanda ministero 2009                                                ', 3, '2008-10-28', 'N', 'corrado.baglioni', '2008', '2008-10-28', '2008-10-28'),
(1054, '155', '2008-10-28', 'Contanti', 0.00, 44.00, '2', '      Ferramenta e mensole per scafali                                              ', 38, '2008-10-28', 'N', 'corrado.baglioni', '2008', '2008-10-28', '2008-10-28'),
(1055, '155', '2008-10-28', 'Contanti', 0.00, 17.00, '2', '             Acquisto carta                                       ', 12, '2008-10-28', 'N', 'corrado.baglioni', '2008', '2008-10-28', '2008-10-28'),
(1056, '328', '2008-10-28', 'Contanti', 400.00, 0.00, '2', '                                                  Servizio Boca Festa uva 2008                                                      ', 22, '2008-09-05', 'N', 'corrado.baglioni', '2008', '2008-09-05', '2008-09-05'),
(1057, '244', '2008-10-28', 'Contanti', 147.00, 0.00, '2', '         Contributo lezioni e strumento settembre 2007 marzo 2008 Carbone Nicolò                                          ', 20, '2008-03-31', 'N', 'corrado.baglioni', '2008', '2008-03-31', '2008-03-31'),
(1058, '279', '2008-10-28', 'Contanti', 64.00, 0.00, '2', '           Strumento maggio agosto e lezioni maggio giugno 2008 Tomalino Cristian                                         ', 20, '2008-08-31', 'N', 'corrado.baglioni', '2008', '2008-08-31', '2008-08-31'),
(1059, '311', '2008-10-28', 'Contanti', 10.00, 0.00, '2', '         lezione ottobre 2008 Guglielmina Anita                                           ', 20, '2008-10-28', 'N', 'corrado.baglioni', '2008', '2008-10-28', '2008-10-28'),
(1060, '296', '2008-10-28', 'Contanti', 21.00, 0.00, '2', '        lezione e strumento ottobre 2008 Cerutti Alessandro                                            ', 20, '2008-10-28', 'N', 'corrado.baglioni', '2008', '2008-10-28', '2008-10-28'),
(1061, '26', '2008-10-27', 'Contanti', 10.00, 0.00, '2', '        lezione giugno 2008 Pontini Andrea                                            ', 20, '2008-06-30', 'N', 'corrado.baglioni', '2008', '2008-06-30', '2008-06-30'),
(1062, '29', '2008-10-28', 'Contanti', 11.00, 0.00, '2', '                Strumento luglio 2008 Aprile Mauro                                    ', 20, '2008-07-31', 'N', 'corrado.baglioni', '2008', '2008-07-31', '2008-07-31'),
(1063, '329', '2008-10-28', 'Contanti', 10.00, 0.00, '2', '               Lezione ottobre 2008 Ponchio Edoardo                                     ', 20, '2008-10-28', 'N', 'corrado.baglioni', '2008', '2008-10-28', '2008-10-28'),
(1064, '284', '2008-10-28', 'Contanti', 10.00, 0.00, '2', '          Lezione settembre 2008 Granieri Antonio                                          ', 20, '2008-09-30', 'N', 'corrado.baglioni', '2008', '2008-09-30', '2008-09-30'),
(1065, '263', '2008-10-28', 'Contanti', 10.00, 0.00, '2', '          Tesseramento socio sostenitore 2008 Guglielmina Umberto                                          ', 20, '2008-10-28', 'N', 'corrado.baglioni', '2008', '2008-10-28', '2008-10-28'),
(1066, '83', '2008-10-22', 'Contanti', 600.00, 0.00, '2', '          Contributo Comune e comitato tricolore e alpini per concerto 4 novembre 2008                                          ', 22, '2008-10-22', 'N', 'corrado.baglioni', '2008', '2008-10-22', '2008-10-22'),
(1067, '241', '2008-09-19', 'Bonifico Bancario', 0.00, 600.01, '3', '                                  Noleggio autobus Novara 02 giugno 2008 e Vercelli 06 giugno 2008                  ', 34, '2008-09-22', 'N', 'corrado.baglioni', '2008', '2008-09-22', '2008-09-22'),
(1068, '65', '2008-09-17', 'Contanti', 0.00, 600.00, '2', '      Rimborso spese Platini luglio agosto 2008                                              ', 2, '2008-09-17', 'N', 'corrado.baglioni', '2008', '2008-09-17', '2008-09-17'),
(1069, '137', '2008-08-16', 'Contanti', 240.00, 0.00, '2', '             Servizio s rocco 2008                                       ', 22, '2008-08-16', 'N', 'corrado.baglioni', '2008', '2008-08-16', '2008-08-16'),
(1070, '330', '2008-09-18', 'Assegno Bancario', 900.00, 0.00, '3', '                                   Rimborso per servizio Vercelli 07 giugno 2008                                                                     ', 22, '2008-06-07', 'N', 'corrado.baglioni', '2008', '2008-06-07', '2008-06-07'),
(1071, '327', '2008-09-30', 'Bonifico Bancario', 4.49, 0.00, '3', '                              Interessi bancari su conto corrente banca Prossima dal 16 /09 al 30/09                      ', 1, '2008-09-30', 'N', 'corrado.baglioni', '2008', '2008-09-30', '2008-09-30'),
(1072, '327', '2008-09-30', 'Bonifico Bancario', 0.00, 12.30, '3', '      Imposta di bollo su E/C banca Prossima terzo trimestre                                              ', 15, '2008-09-30', 'N', 'corrado.baglioni', '2008', '2008-09-30', '2008-09-30'),
(1073, '327', '2008-09-30', 'Bonifico Bancario', 0.00, 2.00, '3', '      Spese emisione estratto conto terzo trimestre 2008 banca Prossima                                               ', 15, '2008-09-30', 'N', 'corrado.baglioni', '2008', '2008-09-30', '2008-09-30'),
(1074, '142', '2008-09-22', 'Contanti', 0.00, 198.90, '2', '      Quota assicurazione RCG anno 2008                                              ', 11, '2008-09-22', 'N', 'corrado.baglioni', '2008', '2008-09-22', '2008-09-22'),
(1075, '29', '2008-08-31', 'Contanti', 11.00, 0.00, '2', '      Strumento agosto 2008 Aprile Mauro                                              ', 20, '2008-08-31', 'N', 'corrado.baglioni', '2008', '2008-08-31', '2008-08-31'),
(1076, '183', '2008-10-28', 'Contanti', 40.00, 0.00, '2', '           Oblazione Musici                                         ', 41, '2008-10-28', 'N', 'corrado.baglioni', '2008', '2008-10-28', '2008-10-28'),
(1077, '155', '2008-11-04', 'Contanti', 0.00, 30.00, '2', '       Acquisto ferramenta armadi                                              ', 38, '2008-11-04', 'N', 'corrado.baglioni', '2008', '2008-11-04', '2008-11-04'),
(1078, '155', '2008-11-04', 'Contanti', 0.00, 19.00, '2', '     buste per plastificatrice                                               ', 12, '2008-11-04', 'N', 'corrado.baglioni', '2008', '2008-11-04', '2008-11-04'),
(1079, '155', '2008-11-04', 'Contanti', 0.00, 5.00, '2', '  numero 3 ance per sax baritono                                                  ', 5, '2008-11-04', 'N', 'corrado.baglioni', '2008', '2008-11-04', '2008-11-04'),
(1080, '65', '2008-11-04', 'Assegno Bancario', 0.00, 600.00, '3', '                                    Rimborso settembre ottobre  2008                                                                  ', 2, '2008-11-04', 'N', 'corrado.baglioni', '2008', '2008-11-04', '2008-11-04'),
(1081, '84', '2008-11-04', 'Assegno Bancario', 0.00, 377.00, '3', '     Rimborso spese settembre ottobre 2008 Gilberto Negri 29 lezioni da 1 ora                                               ', 2, '2008-11-04', 'N', 'corrado.baglioni', '2008', '2008-11-04', '2008-11-04'),
(1082, '34', '2008-11-08', 'Contanti', 0.00, 104.00, '2', '    Rimborso giuliani lezioni mese di ottobre 2008                                                ', 2, '2008-11-08', 'N', 'corrado.baglioni', '2008', '2008-11-08', '2008-11-08'),
(1083, '36', '2008-08-16', 'Contanti', 0.00, 35.00, '2', '            Acquisto pancetta Offerta S. Rocco 2008                                        ', 13, '2008-08-16', 'N', 'corrado.baglioni', '2008', '2008-08-16', '2008-08-16'),
(1084, '264', '2008-11-08', 'Contanti', 0.00, 325.00, '2', '    Rimborso esterni concerto del 08 novembre 2008, De Paolis Alessandra 30, Rondi Giorgio 25, Pavan Chiara 25, Raffaella Ghemme 25, Franco Ghemme 25, Andrea corno 70, Poli Paolo 45, Poli Stefano 30, Canella Egidio 25, Vaudano Andrea 25                                                ', 27, '2008-11-08', 'N', 'corrado.baglioni', '2008', '2008-11-08', '2008-11-08'),
(1085, '264', '2008-11-08', 'Contanti', 0.00, 70.00, '2', '      Rimborso esterni servizio di Novara fasta della Croce Rossa 2008, Poli Paolo 15, Franco Ghemme 20, Canella Egidio 20, Basso Gattinara 15                                              ', 27, '2008-11-08', 'N', 'corrado.baglioni', '2008', '2008-11-08', '2008-11-08'),
(1086, '228', '2008-11-09', 'Contanti', 0.00, 115.00, '2', 'Acquito premi per lotteria presso enoteca regionale di gattinara  2008', 23, '2008-11-09', 'N', 'corrado.baglioni', '2008', '2008-11-09', '2008-11-09'),
(1087, '310', '2008-10-30', 'Contanti', 0.00, 72.00, '2', '   Acquisto cialde caffè per sede                                                 ', 13, '2008-10-30', 'N', 'corrado.baglioni', '2008', '2008-10-30', '2008-10-30'),
(1088, '228', '2008-11-11', 'Contanti', 50.00, 0.00, '2', '          Oblazione pro torte 2008 Sig. Ravasenga                                          ', 41, '2008-11-11', 'N', 'corrado.baglioni', '2008', '2008-11-11', '2008-11-11');

-- --------------------------------------------------------

-- 
-- Struttura della tabella `sd_note_credito`
-- 

DROP TABLE IF EXISTS `sd_note_credito`;
CREATE TABLE IF NOT EXISTS `sd_note_credito` (
  `ID_Nota` int(10) NOT NULL auto_increment,
  `Prog_Nota_Annuo` int(10) NOT NULL default '0',
  `ID_Fattura` int(10) default NULL,
  `ID_Cliente` int(10) NOT NULL default '0',
  `Ragione_Sociale` varchar(200) NOT NULL default '',
  `PI` varchar(16) NOT NULL default '',
  `Indirizzo` varchar(100) NOT NULL default '',
  `Citta` varchar(50) NOT NULL default '',
  `CAP` varchar(5) NOT NULL default '',
  `Provincia` char(2) NOT NULL default '',
  `ID_Banca` varchar(10) NOT NULL default '',
  `ID_Pagamento` varchar(30) NOT NULL default '',
  `Data_Nota` date NOT NULL default '0000-00-00',
  `Descrizione` text NOT NULL,
  `Iva` int(2) NOT NULL default '0',
  `Totale` decimal(10,2) NOT NULL default '0.00',
  `Tipo_Pagamento` varchar(20) NOT NULL default '',
  `Note` text NOT NULL,
  PRIMARY KEY  (`ID_Nota`)
) ENGINE=MyISAM DEFAULT CHARSET=latin1 AUTO_INCREMENT=1 ;

-- 
-- Dump dei dati per la tabella `sd_note_credito`
-- 


-- --------------------------------------------------------

-- 
-- Struttura della tabella `sd_note_credito_fornitori`
-- 

DROP TABLE IF EXISTS `sd_note_credito_fornitori`;
CREATE TABLE IF NOT EXISTS `sd_note_credito_fornitori` (
  `ID_Nota` int(10) NOT NULL auto_increment,
  `N_Nota` varchar(10) NOT NULL default '0',
  `ID_Fattura_Acquisto` int(10) default NULL,
  `ID_Fornitore` int(10) NOT NULL default '0',
  `Ragione_Sociale` varchar(200) NOT NULL default '',
  `PI` varchar(16) NOT NULL default '',
  `Indirizzo` varchar(100) NOT NULL default '',
  `Citta` varchar(50) NOT NULL default '',
  `CAP` varchar(5) NOT NULL default '',
  `Provincia` char(2) NOT NULL default '',
  `ID_Pagamento` varchar(30) NOT NULL default '',
  `Data_Nota` date NOT NULL default '0000-00-00',
  `Descrizione` text NOT NULL,
  `Imposta` decimal(10,2) NOT NULL default '0.00',
  `Totale` decimal(10,2) NOT NULL default '0.00',
  `Tipo_Pagamento` varchar(20) NOT NULL default '',
  `Note` text NOT NULL,
  PRIMARY KEY  (`ID_Nota`)
) ENGINE=MyISAM DEFAULT CHARSET=latin1 AUTO_INCREMENT=1 ;

-- 
-- Dump dei dati per la tabella `sd_note_credito_fornitori`
-- 


-- --------------------------------------------------------

-- 
-- Struttura della tabella `sd_ordini`
-- 

DROP TABLE IF EXISTS `sd_ordini`;
CREATE TABLE IF NOT EXISTS `sd_ordini` (
  `ID_Cliente` int(8) NOT NULL default '0',
  `ID_Ordine` int(12) NOT NULL auto_increment,
  `Protocollo` varchar(30) NOT NULL default '',
  `Oggetto` varchar(100) NOT NULL default '',
  `ID_Fattura` int(10) NOT NULL default '0',
  `ID_Articolo` int(10) NOT NULL default '0',
  `Prezzo` decimal(10,2) NOT NULL default '0.00',
  `Quantita` int(4) NOT NULL default '0',
  `Iva` int(2) NOT NULL default '0',
  `ID_Pagamento` varchar(30) NOT NULL default '',
  `Tipo_Pagamento` varchar(30) NOT NULL default '',
  `Data_Ordine` date NOT NULL default '0000-00-00',
  `Data_Evasione` date NOT NULL default '0000-00-00',
  `Data_Scadenza` date NOT NULL default '0000-00-00',
  `Ragione_Sociale` varchar(100) NOT NULL default '',
  `PI` varchar(16) NOT NULL default '',
  `CF` varchar(16) NOT NULL default '',
  `Cognome` varchar(100) NOT NULL default '',
  `Nome` varchar(100) NOT NULL default '',
  `Indirizzo` varchar(100) NOT NULL default '',
  `Civico` varchar(12) NOT NULL default '',
  `Citta` varchar(100) NOT NULL default '',
  `CAP` varchar(6) NOT NULL default '',
  `Provincia` char(2) NOT NULL default '',
  `Stato` varchar(150) NOT NULL default '',
  `Telefono` varchar(20) NOT NULL default '',
  `Fax` varchar(20) NOT NULL default '',
  `E_mail` varchar(100) NOT NULL default '',
  `Status` varchar(30) NOT NULL default '',
  PRIMARY KEY  (`ID_Ordine`)
) ENGINE=MyISAM DEFAULT CHARSET=latin1 AUTO_INCREMENT=1 ;

-- 
-- Dump dei dati per la tabella `sd_ordini`
-- 


-- --------------------------------------------------------

-- 
-- Struttura della tabella `sd_scadenzario`
-- 

DROP TABLE IF EXISTS `sd_scadenzario`;
CREATE TABLE IF NOT EXISTS `sd_scadenzario` (
  `ID_Scadenza` int(12) NOT NULL auto_increment,
  `ID_Fattura_Acquisto` varchar(12) NOT NULL default '0',
  `ID_Fattura_Vendita` varchar(12) NOT NULL default '',
  `Ragione_Sociale` varchar(100) NOT NULL default '',
  `Scadenza` date NOT NULL default '0000-00-00',
  `ID_Banca` varchar(12) NOT NULL default '',
  `Entrate` decimal(8,2) NOT NULL default '0.00',
  `Uscite` decimal(8,2) NOT NULL default '0.00',
  `Tipo_Pagamento` varchar(50) NOT NULL default '',
  `ID_Cliente` varchar(12) NOT NULL default '',
  `ID_Fornitore` varchar(12) NOT NULL default '',
  `ID_Nota_Fornitore` varchar(12) NOT NULL default '',
  `ID_Nota_Cliente` varchar(12) NOT NULL default '',
  `ID_Movimento` varchar(12) NOT NULL default '',
  PRIMARY KEY  (`ID_Scadenza`),
  FULLTEXT KEY `ID_Banca` (`ID_Banca`)
) ENGINE=MyISAM  DEFAULT CHARSET=latin1 AUTO_INCREMENT=88 ;

-- 
-- Dump dei dati per la tabella `sd_scadenzario`
-- 

INSERT INTO `sd_scadenzario` (`ID_Scadenza`, `ID_Fattura_Acquisto`, `ID_Fattura_Vendita`, `Ragione_Sociale`, `Scadenza`, `ID_Banca`, `Entrate`, `Uscite`, `Tipo_Pagamento`, `ID_Cliente`, `ID_Fornitore`, `ID_Nota_Fornitore`, `ID_Nota_Cliente`, `ID_Movimento`) VALUES 
(5, '0', '', '', '2006-05-22', '', 430.00, 0.00, 'Contanti', '', '2', '', '', '3'),
(6, '0', '', '', '2006-05-22', '', 240.00, 0.00, 'Contanti', '', '4', '', '', '4'),
(7, '0', '', '', '2006-05-22', '', 253.50, 0.00, 'Contanti', '', '3', '', '', '5'),
(8, '0', '', '', '2006-05-22', '', 202.47, 0.00, 'Contanti', '', '5', '', '', '6'),
(9, '0', '', '', '2006-03-16', '', 13.50, 0.00, 'Contanti', '', '10', '', '', '7'),
(10, '0', '', '', '2006-05-11', '', 0.00, 12.00, 'Contanti', '2', '', '', '', '8'),
(11, '0', '', '', '2006-05-11', '', 0.00, 12.00, 'Contanti', '3', '', '', '', '9'),
(12, '0', '', '', '2006-05-11', '', 0.00, 6.00, 'Contanti', '4', '', '', '', '10'),
(13, '0', '', '', '2006-05-17', '', 0.00, 500.00, 'Contanti', '5', '', '', '', '11'),
(14, '0', '', '', '2006-05-14', '', 0.00, 270.00, 'Contanti', '6', '', '', '', '12'),
(15, '0', '', '', '2006-02-28', '', 0.00, 500.00, 'Assegno Bancario', '7', '', '', '', '13'),
(16, '0', '', '', '2006-05-22', '', 0.00, 70.00, 'Contanti', '8', '', '', '', '14'),
(17, '0', '', '', '2006-05-22', '', 0.00, 20.00, 'Contanti', '9', '', '', '', '15'),
(18, '0', '', '', '2006-05-22', '', 0.00, 12.00, 'Contanti', '10', '', '', '', '16'),
(19, '0', '', '', '2006-05-22', '', 0.00, 12.00, 'Contanti', '11', '', '', '', '17'),
(20, '0', '', '', '2006-04-24', '', 0.00, 20.00, 'Contanti', '12', '', '', '', '18'),
(21, '0', '', '', '2006-04-24', '', 0.00, 10.00, 'Contanti', '13', '', '', '', '19'),
(22, '0', '', '', '2006-04-24', '', 0.00, 6.00, 'Contanti', '14', '', '', '', '20'),
(23, '0', '', '', '2006-04-24', '', 0.00, 10.00, 'Contanti', '15', '', '', '', '21'),
(24, '0', '', '', '2006-05-01', '', 0.00, 10.00, 'Contanti', '16', '', '', '', '22'),
(25, '0', '', '', '2006-05-22', '', 0.00, 6.00, 'Contanti', '17', '', '', '', '23'),
(26, '0', '', '', '2006-05-22', '', 0.00, 6.00, 'Contanti', '18', '', '', '', '24'),
(27, '0', '', '', '2006-05-22', '', 0.00, 6.00, 'Contanti', '19', '', '', '', '25'),
(28, '0', '', '', '2006-05-26', '', 0.00, 10.00, 'Contanti', '20', '', '', '', '26'),
(29, '0', '', '', '2006-05-26', '', 0.00, 20.00, 'Contanti', '21', '', '', '', '27'),
(30, '0', '', '', '2006-03-31', '', 0.00, 10.00, 'Contanti', '22', '', '', '', '28'),
(31, '0', '', '', '2006-03-31', '', 0.00, 20.00, 'Contanti', '23', '', '', '', '29'),
(32, '0', '', '', '2006-04-30', '', 0.00, 20.00, 'Contanti', '24', '', '', '', '30'),
(33, '0', '', '', '2006-03-31', '', 0.00, 20.00, 'Contanti', '25', '', '', '', '31'),
(34, '0', '', '', '2006-03-31', '', 0.00, 22.00, 'Contanti', '25', '', '', '', '32'),
(35, '0', '', '', '2006-02-28', '', 0.00, 10.00, 'Contanti', '26', '', '', '', '33'),
(36, '0', '', '', '2006-02-28', '', 0.00, 80.00, 'Contanti', '27', '', '', '', '34'),
(37, '0', '', '', '2006-03-31', '', 0.00, 10.00, 'Contanti', '28', '', '', '', '35'),
(38, '0', '', '', '2006-03-31', '', 0.00, 11.00, 'Contanti', '28', '', '', '', '36'),
(39, '0', '', '', '2006-03-31', '', 0.00, 20.00, 'Contanti', '29', '', '', '', '37'),
(40, '0', '', '', '2006-03-31', '', 0.00, 22.00, 'Contanti', '29', '', '', '', '38'),
(41, '0', '', '', '2006-05-22', '', 0.00, 39.00, 'Contanti', '30', '', '', '', '39'),
(42, '0', '', '', '2006-05-22', '', 0.00, 13.00, 'Contanti', '31', '', '', '', '40'),
(43, '0', '', '', '2006-05-22', '', 0.00, 16.00, 'Contanti', '32', '', '', '', '41'),
(44, '0', '', '', '2006-05-22', '', 0.00, 32.00, 'Contanti', '33', '', '', '', '42'),
(45, '0', '', '', '2006-05-26', '', 0.00, 12.92, 'Contanti', '34', '', '', '', '43'),
(46, '0', '', '', '2006-05-26', '', 0.00, 26.00, 'Contanti', '34', '', '', '', '44'),
(47, '0', '', '', '2006-05-26', '', 0.00, 6.00, 'Contanti', '35', '', '', '', '45'),
(48, '0', '', '', '2006-05-26', '', 0.00, 10.00, 'Contanti', '36', '', '', '', '46'),
(49, '0', '', '', '2006-05-26', '', 0.00, 6.00, 'Contanti', '37', '', '', '', '47'),
(50, '0', '', '', '2006-05-26', '', 0.00, 6.00, 'Contanti', '38', '', '', '', '48'),
(51, '0', '', '', '2006-05-26', '', 0.00, 10.00, 'Contanti', '39', '', '', '', '49'),
(52, '0', '', '', '2006-05-26', '', 0.00, 10.00, 'Contanti', '40', '', '', '', '50'),
(53, '0', '', '', '2006-05-26', '', 0.00, 10.00, 'Contanti', '41', '', '', '', '51'),
(54, '0', '', '', '2006-05-26', '', 0.00, 10.00, 'Contanti', '42', '', '', '', '52'),
(55, '0', '', '', '2006-05-26', '', 0.00, 10.00, 'Contanti', '43', '', '', '', '53'),
(56, '0', '', '', '2006-05-26', '', 0.00, 15.00, 'Contanti', '44', '', '', '', '54'),
(57, '0', '', '', '2006-05-26', '', 0.00, 10.00, 'Contanti', '45', '', '', '', '55'),
(58, '0', '', '', '2006-05-26', '', 0.00, 6.00, 'Contanti', '46', '', '', '', '56'),
(59, '0', '', '', '2006-05-26', '', 0.00, 6.00, 'Contanti', '47', '', '', '', '57'),
(60, '0', '', '', '2006-05-26', '', 0.00, 10.00, 'Contanti', '48', '', '', '', '58'),
(61, '0', '', '', '2006-05-26', '', 0.00, 10.00, 'Contanti', '49', '', '', '', '59'),
(62, '0', '', '', '2006-05-26', '', 0.00, 10.00, 'Contanti', '50', '', '', '', '60'),
(63, '0', '', '', '2006-05-26', '', 0.00, 10.00, 'Contanti', '51', '', '', '', '61'),
(64, '0', '', '', '2006-05-26', '', 0.00, 10.00, 'Contanti', '52', '', '', '', '62'),
(65, '0', '', '', '2006-05-26', '', 0.00, 10.00, 'Contanti', '53', '', '', '', '63'),
(66, '0', '', '', '2006-05-26', '', 0.00, 10.00, 'Contanti', '54', '', '', '', '64'),
(67, '0', '', '', '2006-05-30', '', 0.00, 10.00, 'Contanti', '22', '', '', '', '65'),
(68, '0', '', '', '2006-05-30', '', 0.00, 20.00, 'Contanti', '23', '', '', '', '66'),
(69, '0', '', '', '2006-05-30', '', 0.00, 20.00, 'Contanti', '55', '', '', '', '67'),
(70, '0', '', '', '2006-05-30', '', 0.00, 20.00, 'Contanti', '56', '', '', '', '68'),
(71, '0', '', '', '2006-05-30', '', 0.00, 10.00, 'Contanti', '57', '', '', '', '69'),
(72, '0', '', '', '2006-05-30', '', 0.00, 21.00, 'Contanti', '28', '', '', '', '70'),
(73, '0', '', '', '2006-05-30', '', 0.00, 40.00, 'Contanti', '58', '', '', '', '71'),
(74, '0', '', '', '2006-05-29', '', 0.00, 240.00, 'Contanti', '59', '', '', '', '72'),
(75, '0', '', '', '2006-05-30', '', 0.00, 5.00, 'Contanti', '60', '', '', '', '73'),
(76, '0', '', '', '2006-05-27', '', 0.00, 1050.00, 'Contanti', '61', '', '', '', '74'),
(77, '0', '', '', '2006-05-30', '', 0.00, 350.00, 'Assegno Bancario', '62', '', '', '', '75'),
(78, '0', '', '', '2006-01-01', '', 0.00, 753.73, 'Contanti', '63', '', '', '', '76'),
(79, '0', '', '', '2006-06-03', '', 20.00, 0.00, 'Contanti', '', '7', '', '', '77'),
(80, '0', '', '', '2006-06-01', '', 8.60, 0.00, 'Contanti', '', '10', '', '', '78'),
(81, '0', '', '', '2006-06-03', '', 48.00, 0.00, 'Contanti', '', '11', '', '', '79'),
(82, '0', '', '', '2006-06-03', '', 22.61, 0.00, 'Contanti', '', '10', '', '', '80'),
(83, '0', '', '', '2006-06-03', '', 50.00, 0.00, 'Contanti', '', '10', '', '', '81'),
(84, '0', '', '', '2006-10-03', '', 1.00, 0.00, 'Contanti', '', '5', '', '', '88'),
(85, '0', '', '', '2006-10-03', '', 0.00, 2.00, 'Contanti', '35', '', '', '', '89'),
(86, '0', '', '', '2006-10-03', '', 0.00, 111.00, 'Contanti', '36', '', '', '', '90'),
(87, '0', '', '', '2006-10-01', '', 200.00, 0.00, 'Bonifico Bancario', '', '2', '', '', '91');

-- --------------------------------------------------------

-- 
-- Struttura della tabella `sd_soggetti`
-- 

DROP TABLE IF EXISTS `sd_soggetti`;
CREATE TABLE IF NOT EXISTS `sd_soggetti` (
  `ID_Soggetto` int(12) NOT NULL auto_increment,
  `Ragione_Sociale` varchar(100) default NULL,
  `Cognome` varchar(100) NOT NULL default '',
  `Nome` varchar(30) NOT NULL default '',
  `PI` varchar(12) default NULL,
  `CF` varchar(16) default NULL,
  `Descrizione` varchar(100) default NULL,
  `Tipo` varchar(20) default NULL,
  `Indirizzo` varchar(60) default NULL,
  `Citta` varchar(60) default NULL,
  `CAP` varchar(5) default NULL,
  `Provincia` varchar(4) default NULL,
  `Telefono` varchar(20) default NULL,
  `Telefono2` varchar(20) default NULL,
  `Telefono3` varchar(20) default NULL,
  `Fax` varchar(20) default NULL,
  `Cell` varchar(20) default NULL,
  `E_mail` varchar(100) default NULL,
  `Password` varchar(8) default NULL,
  `Web` varchar(50) default NULL,
  `Deleted` char(1) NOT NULL default 'N',
  `Privacy` char(1) NOT NULL default 'Y',
  PRIMARY KEY  (`ID_Soggetto`)
) ENGINE=MyISAM  DEFAULT CHARSET=latin1 AUTO_INCREMENT=331 ;

-- 
-- Dump dei dati per la tabella `sd_soggetti`
-- 

INSERT INTO `sd_soggetti` (`ID_Soggetto`, `Ragione_Sociale`, `Cognome`, `Nome`, `PI`, `CF`, `Descrizione`, `Tipo`, `Indirizzo`, `Citta`, `CAP`, `Provincia`, `Telefono`, `Telefono2`, `Telefono3`, `Fax`, `Cell`, `E_mail`, `Password`, `Web`, `Deleted`, `Privacy`) VALUES 
(2, '', 'Contardi', 'Giuseppe', NULL, NULL, '', '', '', '', '', '', '', '', '', '', '', '', '', '', 'N', 'Y'),
(3, '', 'Contardi', 'Marisa', NULL, NULL, '', '', '', '', '', '', '', '', '', '', '', '', '', '', 'N', 'Y'),
(4, '', 'Cacciami', 'Maria Teresa', NULL, NULL, '', '', '', '', '', '', '', '', '', '', '', '', '', '', 'N', 'Y'),
(5, 'Comune Gattinara', '.', '.', '', '', '', '', '', '', '', '', '', '', '', '', '', '', '', '', 'N', ''),
(6, 'Piane di Serravalle Sesia', '.', '.', NULL, NULL, '', '', '', '', '', '', '', '', '', '', '', '', '', '', 'N', 'Y'),
(7, 'Comitato Carnevale Grignasco', '.', '.', NULL, NULL, '', '', '', '', '', '', '', '', '', '', '', '', '', '', 'N', 'Y'),
(8, 'Club Patacioi Ara', '.', '.', NULL, NULL, '', '', '', '', '', '', '', '', '', '', '', '', '', '', 'N', 'Y'),
(9, 'Famiglia', 'Perazzi', '.', '', '', '', '', '', '', '', '', '', '', '', '', '', '', '', '', 'N', 'Y'),
(10, '', 'Pozzi', 'Vanni', '', '', '', '', '', '', '', '', '', '', '', '', '', '', '', '', 'N', 'Y'),
(11, 'Famiglia', 'Da Paré', 'Augusto', '', '', '', '', '', '', '', '', '', '', '', '', '', '', '', '', 'N', ''),
(12, '', 'Vinzio', 'Claudia', NULL, NULL, '', '', '', '', '', '', '', '', '', '', '', '', '', '', 'N', 'Y'),
(13, '', 'Vinzio', 'Vittorino', NULL, NULL, '', '', '', '', '', '', '', '', '', '', '', '', '', '', 'N', 'Y'),
(14, ' Rag.', 'Vinzio', 'Laura', NULL, NULL, '', '', '', '', '', '', '', '', '', '', '', '', '', '', 'N', 'Y'),
(15, '', 'Festa Bianchet', 'Gianfranca', NULL, NULL, '', '', '', '', '', '', '', '', '', '', '', '', '', '', 'N', 'Y'),
(16, '', 'Borelli', 'Michele', NULL, NULL, '', '', '', '', '', '', '', '', '', '', '', '', '', '', 'N', 'Y'),
(17, '', 'Franchi', 'Carlo', NULL, NULL, '', '', '', '', '', '', '', '', '', '', '', '', '', '', 'N', 'Y'),
(18, '', 'Ventura', 'Alfredo', '', '', '', '', '', '', '', '', '', '', '', '', '', '', '', '', 'N', ''),
(19, '', 'Fontaneto', 'Marcello', NULL, NULL, '', '', '', '', '', '', '', '', '', '', '', '', '', '', 'N', 'Y'),
(20, '', 'Frascotti', 'Giuliano', NULL, NULL, '', '', '', '', '', '', '', '', '', '', '', '', '', '', 'N', 'Y'),
(21, '', 'Vinzio', 'Ermanno', NULL, NULL, '', '', '', '', '', '', '', '', '', '', '', '', '', '', 'N', 'Y'),
(22, '', 'Di Lernia', 'Giuseppe', NULL, NULL, '', '', '', '', '', '', '', '', '', '', '', '', '', '', 'N', 'Y'),
(23, 'Famiglia', 'Agazzini', 'Linda e Lorenzo', '', '', '', '', '', '', '', '', '0322/870163', '', '', '', '', '', '', '', 'N', ''),
(24, '', 'Pozzi', 'Carlo', NULL, NULL, '', '', '', '', '', '', '', '', '', '', '', '', '', '', 'N', 'Y'),
(25, '', 'Pagnoni', 'Federico', NULL, NULL, '', '', '', '', '', '', '', '', '', '', '', '', '', '', 'N', 'Y'),
(26, '', 'Pontini', 'Andrea', NULL, NULL, '', '', '', '', '', '', '', '', '', '', '', '', '', '', 'N', 'Y'),
(27, '', 'Cascio', 'Antonino+Annalisa', NULL, NULL, '', '', '', '', '', '', '', '', '', '', '', '', '', '', 'N', 'Y'),
(28, '', 'Squaratti', 'Paolo', NULL, NULL, '', '', '', '', '', '', '', '', '', '', '', '', '', '', 'N', 'Y'),
(29, '', 'Aprile', 'Mauro', NULL, NULL, '', '', '', '', '', '', '', '', '', '', '', '', '', '', 'N', 'Y'),
(30, '', 'Belli', 'Sergio', '', 'BLLSRG81L18L669O', '', '', 'Via Risorgimento 1', 'Grignasco', '28075', 'NO', '0163417009', '', '', '', '3397787291', 'sergio.belli@email.it', '', 'http://www.sergiobelli.eu', 'N', ''),
(31, '', 'Mischiatti', 'Dino', NULL, NULL, '', '', '', '', '', '', '', '', '', '', '', '', '', '', 'N', 'Y'),
(32, '', 'Pezzolato', 'Luca', NULL, NULL, '', '', '', '', '', '', '', '', '', '', '', '', '', '', 'N', 'Y'),
(33, '', 'Ritorno', 'Cassa', NULL, NULL, '', '', '', '', '', '', '', '', '', '', '', '', '', '', 'N', 'Y'),
(34, '', 'Giuliani', 'Roberto', NULL, NULL, '', '', '', '', '', '', '', '', '', '', '', '', '', '', 'N', 'Y'),
(35, '', 'Aleppo', 'Athos', NULL, NULL, '', '', '', '', '', '', '', '', '', '', '', '', '', '', 'N', 'Y'),
(36, '', 'Baglioni', 'Angelo', NULL, NULL, '', '', '', '', '', '', '', '', '', '', '', '', '', '', 'N', 'Y'),
(37, '', 'Balzarini', 'Ernesto', NULL, NULL, '', '', '', '', '', '', '', '', '', '', '', '', '', '', 'N', 'Y'),
(38, '', 'Borgato', 'Giuliano', NULL, NULL, '', '', '', '', '', '', '', '', '', '', '', '', '', '', 'N', 'Y'),
(39, '', 'Canobio', 'Giuseppe', NULL, NULL, '', '', '', '', '', '', '', '', '', '', '', '', '', '', 'N', 'Y'),
(40, '', 'Del Villani', 'Luigi', NULL, NULL, '', '', '', '', '', '', '', '', '', '', '', '', '', '', 'N', 'Y'),
(41, '', 'Franzosi', 'Luciano', NULL, NULL, '', '', '', '', '', '', '', '', '', '', '', '', '', '', 'N', 'Y'),
(42, '', 'Giordani', 'Elio', NULL, NULL, '', '', '', '', '', '', '', '', '', '', '', '', '', '', 'N', 'Y'),
(43, '', 'Gobbi', 'Angelo', NULL, NULL, '', '', '', '', '', '', '', '', '', '', '', '', '', '', 'N', 'Y'),
(44, '', 'Molli', 'Luigi', NULL, NULL, '', '', '', '', '', '', '', '', '', '', '', '', '', '', 'N', 'Y'),
(45, '', 'Negri', 'Renato', NULL, NULL, '', '', '', '', '', '', '', '', '', '', '', '', '', '', 'N', 'Y'),
(46, '', 'Nobile', 'Piera', NULL, NULL, '', '', '', '', '', '', '', '', '', '', '', '', '', '', 'N', 'Y'),
(47, '', 'Rabaglio', 'Giovanni', NULL, NULL, '', '', '', '', '', '', '', '', '', '', '', '', '', '', 'N', 'Y'),
(48, '', 'Stefani', 'Davide', NULL, NULL, '', '', '', '', '', '', '', '', '', '', '', '', '', '', 'N', 'Y'),
(49, '', 'Teraroli', 'Gianni', NULL, NULL, '', '', '', '', '', '', '', '', '', '', '', '', '', '', 'N', 'Y'),
(50, '', 'Valsesia', 'Valentino', NULL, NULL, '', '', '', '', '', '', '', '', '', '', '', '', '', '', 'N', 'Y'),
(51, '', 'Vinzio', 'Fernando', NULL, NULL, '', '', '', '', '', '', '', '', '', '', '', '', '', '', 'N', 'Y'),
(52, '', 'Mora', 'Gaudenzio', NULL, NULL, '', '', '', '', '', '', '', '', '', '', '', '', '', '', 'N', 'Y'),
(53, '', 'Mora', 'Flora', NULL, NULL, '', '', '', '', '', '', '', '', '', '', '', '', '', '', 'N', 'Y'),
(54, '', 'Martinetti', 'Ugo', NULL, NULL, '', '', '', '', '', '', '', '', '', '', '', '', '', '', 'N', 'Y'),
(55, '', 'Moretti', 'Eleonora', NULL, NULL, '', '', '', '', '', '', '', '', '', '', '', '', '', '', 'N', 'Y'),
(56, '', 'Mancin', 'Gabriele', NULL, NULL, '', '', '', '', '', '', '', '', '', '', '', '', '', '', 'N', 'Y'),
(57, '', 'Magistrini', 'Giacomo', NULL, NULL, '', '', '', '', '', '', '', '', '', '', '', '', '', '', 'N', 'Y'),
(58, '', 'Schizzerotto', 'Leonardo', '', '', '', '', '', '', '', '', '', '', '', '', '', '', '', '', 'N', ''),
(59, 'Anpi Sezione Grignasco', '.', '.', NULL, NULL, '', '', '', '', '', '', '', '', '', '', '', '', '', '', 'N', 'Y'),
(60, NULL, 'Velatta', 'Laura', NULL, NULL, '', '', '', '', '', '', '', '', '', '', '', '', '', '', 'N', 'Y'),
(61, 'Priori Festa Patronale Rovasenda', '.', '.', NULL, NULL, '', '', '', '', '', '', '', '', '', '', '', '', '', '', 'N', 'Y'),
(62, 'ProLoco Rovasenda', '.', '.', NULL, NULL, '', '', '', '', '', '', '', '', '', '', '', '', '', '', 'N', 'Y'),
(63, 'Saldo Cassa Iniziale', '.', '.', NULL, NULL, '', '', '', '', '', '', '', '', '', '', '', '', '', '', 'N', 'Y'),
(65, NULL, 'Platini', 'Fabrizio', NULL, NULL, NULL, NULL, NULL, NULL, NULL, NULL, NULL, NULL, NULL, NULL, NULL, NULL, NULL, NULL, 'N', 'Y'),
(66, NULL, 'Borelli', 'Ezio', NULL, NULL, NULL, NULL, NULL, NULL, NULL, NULL, NULL, NULL, NULL, NULL, NULL, NULL, NULL, NULL, 'N', 'Y'),
(67, NULL, 'De Angelis', 'Roberto', NULL, NULL, NULL, NULL, NULL, NULL, NULL, NULL, NULL, NULL, NULL, NULL, NULL, NULL, NULL, NULL, 'N', 'Y'),
(68, NULL, 'Giuliani', 'Roberto', NULL, NULL, NULL, NULL, NULL, NULL, NULL, NULL, NULL, NULL, NULL, NULL, NULL, NULL, NULL, NULL, 'Y', 'Y'),
(69, 'Anbima', '.', '.', NULL, NULL, NULL, NULL, NULL, NULL, NULL, NULL, NULL, NULL, NULL, NULL, NULL, NULL, NULL, NULL, 'N', 'Y'),
(71, NULL, 'Barlassina', 'Patrizia', NULL, NULL, NULL, NULL, NULL, NULL, NULL, NULL, NULL, NULL, NULL, NULL, NULL, NULL, NULL, NULL, 'N', 'Y'),
(72, '', 'Regis', 'Marica', '', '', NULL, NULL, '', '', '', '', '0163418877', '', '', '', '', '', '', '', 'N', 'Y'),
(73, 'test', 'test', 'test', 'test', 'test', NULL, NULL, 'test', 'test', 'test', 'te', 'test', 'test', 'test', 'test', 'test', 'test', 'test1111', 'test', 'Y', 'Y'),
(74, 'a', 'a', 'a', '', '', NULL, NULL, '', '', '', '', '', '', '', '', '', '', '', '', 'Y', 'Y'),
(75, 'c', 'c', 'c', '', '', NULL, NULL, '', '', '', '', '', '', '', '', '', '', '', '', 'Y', 'Y'),
(76, '', 'Geroso', 'Simone', '', '', NULL, NULL, '', '', '', '', '', '', '', '', '', '', '', '', 'N', 'Y'),
(77, '', 'Quarna', 'Claudio', '', '', NULL, NULL, '', '', '', '', '', '', '', '', '', '', '', '', 'N', 'Y'),
(78, '', 'Calligaris', 'Franco', '', '', NULL, NULL, '', '', '', '', '', '', '', '', '', '', '', '', 'N', 'Y'),
(79, 'Flauto Romagnano', '.', '.', '', '', NULL, NULL, '', '', '', '', '', '', '', '', '', '', '', '', 'N', 'Y'),
(80, '', 'Poli', 'Stefano', '', '', NULL, NULL, '', '', '', '', '', '', '', '', '', '', '', '', 'N', 'Y'),
(81, '', 'Giustina', 'Vanda', '', '', NULL, NULL, '', '', '', '', '', '', '', '', '', '', '', '', 'N', 'Y'),
(82, 'Parrocchia Zuccaro', '.', '.', '', '', NULL, NULL, '', '', '', '', '', '', '', '', '', '', '', '', 'N', 'Y'),
(83, 'Comune Grignasco', '.', '.', '', '', NULL, NULL, '', '', '', '', '', '', '', '', '', '', '', '', 'N', 'Y'),
(84, '', 'Negri', 'Gilberto', '', '', NULL, NULL, '', '', '', '', '', '', '', '', '', '', '', '', 'N', 'Y'),
(85, 'Essegi Ufficio SRL', '.', '.', '', '', NULL, NULL, '', '', '', '', '', '', '', '', '', '', '', '', 'N', 'Y'),
(86, 'Comunicare 2000', '.', '.', '', '', NULL, NULL, '', '', '', '', '', '', '', '', '', '', '', '', 'N', 'Y'),
(87, '', 'Mosca', 'Francesca', '', '', NULL, NULL, '', '', '', '', '', '', '', '', '', '', '', '', 'N', 'Y'),
(88, '', 'Grigolon', 'Alessandro', '', '', NULL, NULL, '', '', '', '', '', '', '', '', '', '', '', '', 'N', 'Y'),
(89, '', 'Granieri', 'Domenico', '', '', NULL, NULL, '', '', '', '', '', '', '', '', '', '', '', '', 'N', 'Y'),
(90, '', '.', 'Sandra', '', '', NULL, NULL, '', '', '', '', '', '', '', '', '', '', '', '', 'N', 'Y'),
(91, 'Gippo', 'Farassino', '.', '', '', NULL, NULL, '', '', '', '', '', '', '', '', '', '', '', '', 'N', 'Y'),
(92, 'nipote', 'Farassino', '.', '', '', NULL, NULL, '', '', '', '', '', '', '', '', '', '', '', '', 'N', 'Y'),
(93, 'Trombone', '.', 'Roberto', '', '', NULL, NULL, '', '', '', '', '', '', '', '', '', '', '', '', 'N', 'Y'),
(94, '', 'Capone', 'Marcello', '', '', NULL, NULL, '', '', '', '', '', '', '', '', '', '', '', '', 'N', 'Y'),
(95, 'Clarinetto basso', '.', '.', '', '', NULL, NULL, '', '', '', '', '', '', '', '', '', '', '', '', 'N', 'Y'),
(96, '', 'Sogno', 'Paola', '', '', NULL, NULL, '', '', '', '', '', '', '', '', '', '', '', '', 'N', 'Y'),
(97, '', '.', 'Cosimo', '', '', NULL, NULL, '', '', '', '', '', '', '', '', '', '', '', '', 'N', 'Y'),
(98, '', 'Bussolino', 'Wilmo', '', '', NULL, NULL, '', '', '', '', '', '', '', '', '', '', '', '', 'N', 'Y'),
(99, '', 'Bertolino', 'Michele', '', '', NULL, NULL, '', '', '', '', '', '', '', '', '', '', '', '', 'N', 'Y'),
(100, '', 'Pavan', 'Chiara', '', '', NULL, NULL, '', '', '', '', '', '', '', '', '', '', '', '', 'N', 'Y'),
(101, '', 'Canella', 'Egidio', '', '', NULL, NULL, '', '', '', '', '', '', '', '', '', '', '', '', 'N', 'Y'),
(102, 'Carinetto invorio', 'Besuzzi', '.', '', '', NULL, NULL, '', '', '', '', '', '', '', '', '', '', '', '', 'N', 'Y'),
(103, 'undefined', 'undefined', 'undefined', '', '', NULL, NULL, '', '', '', '', '', '', '', '', '', '', '', '', 'N', 'Y'),
(104, 'Comune Pray', '.', '.', '', '', NULL, NULL, '', '', '', '', '', '', '', '', '', '', '', '', 'N', 'Y'),
(105, 'addas', '.', '.', 'ddfdfdf', '', NULL, NULL, '', '', '', '', '', '', '', '', '', '', '', '', 'Y', 'Y'),
(106, '', 'Negri', 'Rosanna', '', '', NULL, NULL, '', '', '', '', '', '', '', '', '', '', '', '', 'N', ''),
(107, '', 'Lana', 'Bruno', '', '', NULL, NULL, '', '', '', '', '', '', '', '', '', '', '', '', 'N', 'Y'),
(108, '', 'Navazza', 'Giovanni', '', '', NULL, NULL, '', '', '', '', '', '', '', '', '', '', '', '', 'N', 'Y'),
(109, '', 'Nobile', 'Milena', '', '', NULL, NULL, 'Via Bernardo Vittone 21', 'Grignasco', '28075', 'NO', '', '', '', '', '', '', '', '', 'N', 'Y'),
(110, 'Priori Sant''Agata', '.', '.', NULL, NULL, NULL, NULL, NULL, NULL, NULL, NULL, NULL, NULL, NULL, NULL, NULL, NULL, NULL, NULL, 'N', 'Y'),
(111, 'Comitato Carnevale Zuccaro', '.', '.', '', '', NULL, NULL, '', '', '', '', '', '', '', '', '', '', '', '', 'N', 'Y'),
(112, 'Comitato Carnevale Valduggia', '.', '.', '', '', NULL, NULL, '', '', '', '', '', '', '', '', '', '', '', '', 'N', 'Y'),
(113, 'Comitato Carnevale Lebbia', '.', '.', '', '', NULL, NULL, '', '', '', '', '', '', '', '', '', '', '', '', 'N', 'Y'),
(114, 'x rag soc', 'xx cognome', 'xxx nome', '', '', NULL, NULL, '', '', '', '', '', '', '', '', '', '', '', '', 'N', 'Y'),
(115, 'Isola che non c''è', '.', '.', '', '', NULL, NULL, '', '', '', '', '', '', '', '', '', '', '', '', 'N', 'Y'),
(116, 'Posta Grignasco', '.', '.', '', '', NULL, NULL, '', '', '', '', '', '', '', '', '', '', '', '', 'N', 'Y'),
(117, '', 'De Paolis', 'Alessandra', '', '', NULL, NULL, '', '', '', '', '', '', '', '', '', '', '', '', 'N', 'Y'),
(118, '', 'Rondi', '.', '', '', NULL, NULL, '', '', '', '', '', '', '', '', '', '', '', '', 'N', 'Y'),
(119, 'Clarinetto Graglia', '.', '.', '', '', NULL, NULL, '', '', '', '', '', '', '', '', '', '', '', '', 'N', 'Y'),
(120, '', 'Vaudano', 'Andrea', '', '', NULL, NULL, '', '', '', '', '', '', '', '', '', '', '', '', 'N', 'Y'),
(121, '', 'Erbetta', '.', '', '', NULL, NULL, '', '', '', '', '', '', '', '', '', '', '', '', 'N', 'Y'),
(122, '', 'Poli', 'Paolo', '', '', NULL, NULL, '', '', '', '', '', '', '', '', '', '', '', '', 'N', 'Y'),
(123, '', 'Canclini', 'Mauro', '', '', NULL, NULL, '', '', '', '', '', '', '', '', '', '', '', '', 'N', 'Y'),
(124, '', 'Giletti', 'Pier Angelo', '', '', NULL, NULL, '', '', '', '', '', '', '', '', '', '', '', '', 'N', 'Y'),
(125, 'Ghemme', '.', 'Alessio', '', '', NULL, NULL, '', '', '', '', '', '', '', '', '', '', '', '', 'N', 'Y'),
(126, 'Flauto Romagnano', '.', '.', '', '', NULL, NULL, '', '', '', '', '', '', '', '', '', '', '', '', 'Y', 'Y'),
(127, '', '.', 'Mattia', '', '', NULL, NULL, '', '', '', '', '', '', '', '', '', '', '', '', 'N', 'Y'),
(128, '', 'Velatta', 'Laura', '', '', NULL, NULL, '', '', '', '', '', '', '', '', '', '', '', '', 'Y', 'Y'),
(129, 'Enel', '.', '.', '', '', NULL, NULL, '', '', '', '', '', '', '', '', '', '', '', '', 'N', 'Y'),
(130, 'Banca Intesa', '.', '.', '', '', NULL, NULL, '', '', '', '', '', '', '', '', '', '', '', '', 'N', 'Y'),
(131, 'Comune Prato Sesia', '.', '.', '', '', NULL, NULL, '', '', '', '', '', '', '', '', '', '', '', '', 'N', 'Y'),
(132, 'Comune Novara', '.', '.', '', '', NULL, NULL, '', '', '', '', '', '', '', '', '', '', '', '', 'N', 'Y'),
(133, 'Pippo', '.', '.', '', '', NULL, NULL, '', '', '', '', '', '', '', '', '', '', '', '', 'N', 'Y'),
(134, 'Dedalo Soc. Coop', '.', '.', '', '', NULL, NULL, '', '', '', '', '', '', '', '', '', '', '', '', 'N', 'Y'),
(135, 'Parrocchia di valpiana', '.', '.', '', '', NULL, NULL, '', '', '', '', '', '', '', '', '', '', '', '', 'N', 'Y'),
(136, 'Parrocchia di Grignasco', '.', '.', '', '', NULL, NULL, '', '', '', '', '', '', '', '', '', '', '', '', 'N', 'Y'),
(137, 'Priori SanRocco', '.', '.', '', '', NULL, NULL, '', '', '', '', '', '', '', '', '', '', '', '', 'N', 'Y'),
(138, 'Priori di Bovagliano', '.', '.', '', '', NULL, NULL, '', '', '', '', '', '', '', '', '', '', '', '', 'N', 'Y'),
(139, '', 'Lanfranchini', 'Benito', '', '', NULL, NULL, '', '', '', '', '', '', '', '', '', '', '', '', 'N', 'Y'),
(140, 'La bottega della musica', '.', '.', '00553350034', '', NULL, NULL, '', '', '', '', '', '', '', '', '', '', '', '', 'N', 'Y'),
(141, 'Tabaccheria del Peso', '.', '.', '', '', NULL, NULL, '', '', '', '', '', '', '', '', '', '', '', '', 'N', 'Y'),
(142, 'Reale Mutua Assicuarazioni', '.', '.', '', '', NULL, NULL, '', '', '', '', '', '', '', '', '', '', '', '', 'N', 'Y'),
(143, 'Edizioni Musicali Wicky', '.', '.', '', '', NULL, NULL, '', '', '', '', '', '', '', '', '', '', '', '', 'N', 'Y'),
(144, 'Scomegna Edizioni Musicali', '.', '.', '', '', NULL, NULL, '', '', '', '', '', '', '', '', '', '', '', '', 'N', 'Y'),
(145, '.', '.', 'Alessio', '', '', NULL, NULL, '', '', '', '', '', '', '', '', '', '', '', '', 'Y', 'Y'),
(146, '.', 'Pavan', 'Chiara', '', '', NULL, NULL, '', '', '', '', '', '', '', '', '', '', '', '', 'N', 'Y'),
(147, '', 'De Paoli', 'Alessandra', '', '', NULL, NULL, '', '', '', '', '', '', '', '', '', '', '', '', 'N', 'Y'),
(148, '.', 'Rondi', '.', '', '', NULL, NULL, '', '', '', '', '', '', '', '', '', '', '', '', 'Y', 'Y'),
(149, '', 'Martinetti', 'Claudio', '', '', NULL, NULL, '', '', '', '', '', '', '', '', '', '', '', '', 'N', 'Y'),
(150, 'Romagnano', '.', 'Gessica', '', '', NULL, NULL, '', '', '', '', '', '', '', '', '', '', '', '', 'N', 'Y'),
(151, '', 'Vergerio', 'Donatella', '', '', NULL, NULL, '', '', '', '', '', '', '', '', '', '', '', '', 'N', 'Y'),
(152, 'Flautina Romagnano', '.', '.', '', '', NULL, NULL, '', '', '', '', '', '', '', '', '', '', '', '', 'N', 'Y'),
(153, '', 'Cabassa', 'Diego', '', '', NULL, NULL, '', '', '', '', '', '', '', '', '', '', '', '', 'N', 'Y'),
(154, '', 'Abbate', 'Claudio', '', '', NULL, NULL, '', '', '', '', '', '', '', '', '', '', '', '', 'N', 'Y'),
(155, '', 'De Angelis', 'Martino', '', '', NULL, NULL, '', '', '', '', '', '', '', '', '', '', '', '', 'N', 'Y'),
(156, '', 'Ferrara', 'Elena', '', '', NULL, NULL, '', '', '', '', '', '', '', '', '', '', '', '', 'N', 'Y'),
(157, '', 'Ferrara', 'Floran', '', '', NULL, NULL, '', '', '', '', '', '', '', '', '', '', '', '', 'N', 'Y'),
(158, '', 'Ferro', 'Andrea', '', '', NULL, NULL, '', '', '', '', '', '', '', '', '', '', '', '', 'N', 'Y'),
(159, 'Coggiola', '.', 'Piero', '', '', NULL, NULL, '', '', '', '', '', '', '', '', '', '', '', '', 'N', 'Y'),
(160, '', 'Porzio', 'Vittorio', '', '', NULL, NULL, '', '', '', '', '', '', '', '', '', '', '', '', 'N', 'Y'),
(161, '', 'Pozzi', 'Mauro', '', 'PZZMRA87M05B019W', NULL, NULL, 'Via G. Pastore, 4', 'Grignasco', '28075', 'NO', '0163418877', '', '', '', '3291119286', '', '', '', 'N', ''),
(162, '', 'Stefani', 'Monica', '', '', NULL, NULL, '', '', '', '', '', '', '', '', '', '', '', '', 'N', 'Y'),
(163, '', 'Trapella', 'Bruno', '', '', NULL, NULL, '', '', '', '', '', '', '', '', '', '', '', '', 'N', 'Y'),
(164, '', 'Turuani', 'Egidio', '', '', NULL, NULL, '', '', '', '', '', '', '', '', '', '', '', '', 'N', 'Y'),
(165, '', 'Bonfiglio', 'Giacomo', '', '', NULL, NULL, '', '', '', '', '', '', '', '', '', '', '', '', 'N', 'Y'),
(166, '', 'Giglio', 'Pasquale', '', '', NULL, NULL, '', '', '', '', '', '', '', '', '', '', '', '', 'N', 'Y'),
(167, '', 'Vogesi', 'Antonio', '', '', NULL, NULL, '', '', '', '', '', '', '', '', '', '', '', '', 'N', 'Y'),
(168, '', 'Ferrara', 'Gianni', '', '', NULL, NULL, '', '', '', '', '', '', '', '', '', '', '', '', 'N', 'Y'),
(169, '', 'Gallino', 'Antonio', '', '', NULL, NULL, '', '', '', '', '', '', '', '', '', '', '', '', 'N', 'Y'),
(170, '', 'Ren', 'Sergio', '', '', NULL, NULL, '', '', '', '', '', '', '', '', '', '', '', '', 'N', 'Y'),
(171, '', 'Ronco', 'Renzo', '', '', NULL, NULL, '', '', '', '', '', '', '', '', '', '', '', '', 'N', 'Y'),
(172, '', 'Tosetti', 'Enrico', '', '', NULL, NULL, '', '', '', '', '', '', '', '', '', '', '', '', 'N', 'Y'),
(173, '', 'Cascio', '.', '', '', NULL, NULL, '', '', '', '', '', '', '', '', '', '', '', '', 'N', 'Y'),
(174, NULL, 'Baron', 'Andrea', NULL, NULL, NULL, NULL, NULL, NULL, NULL, NULL, NULL, NULL, NULL, NULL, NULL, NULL, NULL, NULL, 'N', 'Y'),
(175, NULL, 'Bino', 'Italo', NULL, NULL, NULL, NULL, NULL, NULL, NULL, NULL, NULL, NULL, NULL, NULL, NULL, NULL, NULL, NULL, 'N', 'Y'),
(176, NULL, 'Bressan', 'Luca', NULL, NULL, NULL, NULL, NULL, NULL, NULL, NULL, NULL, NULL, NULL, NULL, NULL, NULL, NULL, NULL, 'N', 'Y'),
(177, NULL, 'Giglio', 'Nicola', NULL, NULL, NULL, NULL, NULL, NULL, NULL, NULL, NULL, NULL, NULL, NULL, NULL, NULL, NULL, NULL, 'N', 'Y'),
(178, NULL, 'Rognoni', 'Umberto', NULL, NULL, NULL, NULL, NULL, NULL, NULL, NULL, NULL, NULL, NULL, NULL, NULL, NULL, NULL, NULL, 'N', 'Y'),
(179, NULL, 'Vistali', 'Mario', NULL, NULL, NULL, NULL, NULL, NULL, NULL, NULL, NULL, NULL, NULL, NULL, NULL, NULL, NULL, NULL, 'N', 'Y'),
(180, 'Coggiola', 'Cecchini', '.', NULL, NULL, NULL, NULL, NULL, NULL, NULL, NULL, NULL, NULL, NULL, NULL, NULL, NULL, NULL, NULL, 'N', 'Y'),
(181, NULL, 'Allorio', 'Bruno', NULL, NULL, NULL, NULL, NULL, NULL, NULL, NULL, NULL, NULL, NULL, NULL, NULL, NULL, NULL, NULL, 'N', 'Y'),
(182, NULL, 'Bagarotti', 'Francesco', NULL, NULL, NULL, NULL, NULL, NULL, NULL, NULL, NULL, NULL, NULL, NULL, NULL, NULL, NULL, NULL, 'N', 'Y'),
(183, NULL, 'Baglioni', 'Corrado', NULL, NULL, NULL, NULL, NULL, NULL, NULL, NULL, NULL, NULL, NULL, NULL, NULL, NULL, NULL, NULL, 'N', 'Y'),
(184, NULL, 'Da Paré', 'Paolo', NULL, NULL, NULL, NULL, NULL, NULL, NULL, NULL, NULL, NULL, NULL, NULL, NULL, NULL, NULL, NULL, 'N', 'Y'),
(185, NULL, 'Fornaro', 'Michele', NULL, NULL, NULL, NULL, NULL, NULL, NULL, NULL, NULL, NULL, NULL, NULL, NULL, NULL, NULL, NULL, 'N', 'Y'),
(186, 'Masserano Trombone', '.', 'Agostino', NULL, NULL, NULL, NULL, NULL, NULL, NULL, NULL, NULL, NULL, NULL, NULL, NULL, NULL, NULL, NULL, 'N', 'Y'),
(187, NULL, 'Baglioni', 'Davide', NULL, NULL, NULL, NULL, NULL, NULL, NULL, NULL, NULL, NULL, NULL, NULL, NULL, NULL, NULL, NULL, 'N', 'Y'),
(188, NULL, 'Perotto', 'Eraldo', NULL, NULL, NULL, NULL, NULL, NULL, NULL, NULL, NULL, NULL, NULL, NULL, NULL, NULL, NULL, NULL, 'N', 'Y'),
(189, NULL, 'Giraldi', 'Gianni', NULL, NULL, NULL, NULL, NULL, NULL, NULL, NULL, NULL, NULL, NULL, NULL, NULL, NULL, NULL, NULL, 'N', 'Y'),
(190, NULL, 'Testori', 'Giuseppe', NULL, NULL, NULL, NULL, NULL, NULL, NULL, NULL, NULL, NULL, NULL, NULL, NULL, NULL, NULL, NULL, 'N', 'Y'),
(191, NULL, 'Zanellato', 'Francesco', NULL, NULL, NULL, NULL, NULL, NULL, NULL, NULL, NULL, NULL, NULL, NULL, NULL, NULL, NULL, NULL, 'N', 'Y'),
(192, NULL, 'Azzalin', 'Antonio', NULL, NULL, NULL, NULL, NULL, NULL, NULL, NULL, NULL, NULL, NULL, NULL, NULL, NULL, NULL, NULL, 'N', 'Y'),
(193, NULL, 'Bertaggia', 'Ruggero', NULL, NULL, NULL, NULL, NULL, NULL, NULL, NULL, NULL, NULL, NULL, NULL, NULL, NULL, NULL, NULL, 'N', 'Y'),
(194, NULL, 'Bertolini', 'Enrico', NULL, NULL, NULL, NULL, NULL, NULL, NULL, NULL, NULL, NULL, NULL, NULL, NULL, NULL, NULL, NULL, 'N', 'Y'),
(195, NULL, 'Bertolini', 'Franco', NULL, NULL, NULL, NULL, NULL, NULL, NULL, NULL, NULL, NULL, NULL, NULL, NULL, NULL, NULL, NULL, 'N', 'Y'),
(196, NULL, 'Contardi', 'Marco', NULL, NULL, NULL, NULL, NULL, NULL, NULL, NULL, NULL, NULL, NULL, NULL, NULL, NULL, NULL, NULL, 'N', 'Y'),
(197, NULL, 'Farinone', '.', NULL, NULL, NULL, NULL, NULL, NULL, NULL, NULL, NULL, NULL, NULL, NULL, NULL, NULL, NULL, NULL, 'N', 'Y'),
(198, NULL, 'Silvestri', 'Riccardo', NULL, NULL, NULL, NULL, NULL, NULL, NULL, NULL, NULL, NULL, NULL, NULL, NULL, NULL, NULL, NULL, 'N', 'Y'),
(199, NULL, 'Zanolo', 'Gianni', NULL, NULL, NULL, NULL, NULL, NULL, NULL, NULL, NULL, NULL, NULL, NULL, NULL, NULL, NULL, NULL, 'N', 'Y'),
(200, 'Romagnano Cassa', '.', '.', NULL, NULL, NULL, NULL, NULL, NULL, NULL, NULL, NULL, NULL, NULL, NULL, NULL, NULL, NULL, NULL, 'N', 'Y'),
(201, 'Romagnano Tromba', '.', '.', NULL, NULL, NULL, NULL, NULL, NULL, NULL, NULL, NULL, NULL, NULL, NULL, NULL, NULL, NULL, NULL, 'N', 'Y'),
(202, '', 'Balzano', 'Massimiliano', '', '', NULL, NULL, '', '', '', '', '', '', '', '', '', '', '', '', 'N', 'Y'),
(203, '', 'Massarotti', 'Francesca', '', '', NULL, NULL, '', '', '', '', '', '', '', '', '', '', '', '', 'N', 'Y'),
(204, 'Gruppo Alpini Grignasco', '.', '.', '', '', NULL, NULL, '', '', '', '', '', '', '', '', '', '', '', '', 'N', 'Y'),
(205, 'Casa del Bimbo', '.', '.', '', '', NULL, NULL, '', '', '', '', '', '', '', '', '', '', '', '', 'N', 'Y'),
(206, 'Panetteria Dal Busco', '.', '.', '', '', NULL, NULL, '', '', '', '', '', '', '', '', '', '', '', '', 'N', 'Y'),
(207, 'Bennet Romagnano', '.', '.', '', '', NULL, NULL, '', '', '', '', '', '', '', '', '', '', '', '', 'N', 'Y'),
(208, 'Sottoscrizioni a premi e dolci note', '.', '.', '', '', NULL, NULL, '', '', '', '', '', '', '', '', '', '', '', '', 'N', 'Y'),
(209, 'Casa Galloni', '.', '.', '', '', NULL, NULL, '', '', '', '', '', '', '', '', '', '', '', '', 'N', 'Y'),
(210, 'Offerte ricevute durante servizi e concerti', '.', '.', '', '', NULL, NULL, '', '', '', '', '', '', '', '', '', '', '', '', 'N', 'Y'),
(211, 'Ipercoop Borgosesia', '.', '.', '', '', NULL, NULL, '', '', '', '', '', '', '', '', '', '', '', '', 'N', 'Y'),
(212, 'Peccati di Gola', '.', '.', '', '', NULL, NULL, '', '', '', '', '', '', '', '', '', '', '', '', 'N', 'Y'),
(213, 'Peccati di Gola', '.', '.', '', '', NULL, NULL, '', '', '', '', '', '', '', '', '', '', '', '', 'Y', 'Y'),
(214, 'Supermercato A&O Grignasco', '.', '.', '', '', NULL, NULL, '', '', '', '', '', '', '', '', '', '', '', '', 'N', 'Y'),
(215, '', 'Facciotti', 'Piero', '', '', NULL, NULL, '', '', '', '', '', '', '', '', '', '', '', '', 'N', 'Y'),
(216, 'Punto SMA', '.', '.', '', '', NULL, NULL, '', '', '', '', '', '', '', '', '', '', '', '', 'N', 'Y'),
(217, 'Associazione volontari italiani sangue Comune di Grignasco', '.', '.', '', '', NULL, NULL, '', '', '', '', '', '', '', '', '', '', '', '', 'N', 'Y'),
(218, '', 'Tassan', 'Ernesto', '', '', NULL, NULL, '', '', '', '', '', '', '', '', '', '', '', '', 'N', 'Y'),
(219, 'Nuova Gastronomia', '.', '.', '', '', NULL, NULL, '', '', '', '', '', '', '', '', '', '', '', '', 'N', 'Y'),
(220, '', 'Vaccaro', 'Vito', '', '', NULL, NULL, '', '', '', '', '', '', '', '', '', '', '', '', 'N', ''),
(221, '', 'Rosaclerio', 'Camilla', '', '', NULL, NULL, '', '', '', '', '', '', '', '', '', 'nata Borgomanero il 24/08/2000', '', '', 'N', ''),
(222, '', 'Mingolla', 'Paola', '', '', NULL, NULL, '', '', '', '', '', '', '', '', '', '', '', '', 'Y', ''),
(223, 'Musici di Confienza', '.', '.', '', '', NULL, NULL, '', '', '', '', '', '', '', '', '', '', '', '', 'N', 'Y'),
(224, 'a', 'a', 'a', '', '', NULL, NULL, '', '', '', '', '', '', '', '', '', '', '', '', 'Y', 'N'),
(225, 'b', 'b', 'b', 'b', 'b', NULL, NULL, 'b', 'b', 'b', 'b', 'b', 'b', 'b', 'b', 'b', 'b', 'bbbbbbbb', 'b', 'Y', 'N'),
(226, NULL, 'Vinzio', 'Claudia', NULL, NULL, NULL, NULL, NULL, NULL, NULL, NULL, NULL, NULL, NULL, NULL, NULL, NULL, NULL, NULL, 'Y', 'Y'),
(227, '', 'Bagarotti', 'Francesco', '', '', NULL, NULL, '', '', '', '', '', '', '', '', '', '', '', '', 'Y', 'Y'),
(228, '', 'Balma Perazzi', 'Federica', '', '', NULL, NULL, '', '', '', '', '', '', '', '', '', '', '', '', 'N', 'Y'),
(229, '', 'Agazzini', 'Linda', '', '', NULL, NULL, '', '', '', '', '', '', '', '', '', '', '', '', 'N', 'Y'),
(230, '', 'Agazzini', 'Lorenzo', '', '', NULL, NULL, '', '', '', '', '', '', '', '', '', '', '', '', 'N', 'Y'),
(231, 'SIAE', '.', '.', '', '', NULL, NULL, '', '', '', '', '', '', '', '', '', '', '', '', 'N', 'Y'),
(232, '', 'Dal Fovo', 'Antonio', '', '', NULL, NULL, '', '', '', '', '', '', '', '', '', '', '', '', 'N', 'Y'),
(233, '', 'bla', 'bla', '', '', NULL, NULL, '', '', '', '', '', '', '', '', '', '', '', '', 'N', ''),
(234, '', 'Vinzio', 'Maurilia', '', '', NULL, NULL, '', '', '', '', '', '', '', '', '', '', '', '', 'N', ''),
(235, 'Centro Studi Grignasco', '.', '.', '', '', NULL, NULL, '', '', '', '', '', '', '', '', '', '', '', '', 'N', ''),
(236, 'Basso Gattinara', '.', 'Riccardo', '', '', NULL, NULL, '', '', '', '', '', '', '', '', '', '', '', '', 'N', ''),
(237, 'Comitato Carnevale Piane di Serravalle Sesia', '.', '.', '', '', NULL, NULL, '', '', '', '', '', '', '', '', '', '', '', '', 'N', ''),
(238, 'Srl', 'Daminelli', 'Pietro', '', '', NULL, NULL, '', '', '', '', '', '', '', '', '', '', '', '', 'N', ''),
(239, 'Soci partecipanti all''evento', '.', '.', '', '', NULL, NULL, '', '', '', '', '', '', '', '', '', '', '', '', 'N', ''),
(240, 'Orchestra Sinfonica "Giuseppe Verdi" Milano', '.', '.', '', '', NULL, NULL, '', '', '', '', '', '', '', '', '', '', '', '', 'N', ''),
(241, 'Baranzelli Natur', '.', '.', '00434360038', '', NULL, NULL, '', '', '', '', '', '', '', '', '', '', '', '', 'N', ''),
(242, '', 'Giletti', 'Michelangelo', '', '', NULL, NULL, '', '', '', '', '', '', '', '', '', '', '', '', 'N', ''),
(243, 'Trony Quarona Sesia', '.', '.', '', '', NULL, NULL, '', '', '', '', '', '', '', '', '', '', '', '', 'N', ''),
(244, '', 'Carbone', 'Nicolò', '', '', NULL, NULL, '', '', '', '', '', '', '', '', '', '', '', '', 'N', ''),
(245, 'La Bottega del Mondo', '.', '.', '', '', NULL, NULL, '', '', '', '', '', '', '', '', '', '', '', '', 'N', ''),
(246, '', 'Covini', 'Daria', '', '', NULL, NULL, '', '', '', '', '', '', '', '', '', '', '', '', 'N', ''),
(247, '', 'Bertolini', 'Renzo', '', '', NULL, NULL, '', '', '', '', '', '', '', '', '', '', '', '', 'N', ''),
(248, '', 'Molli', 'Marinella', '', '', NULL, NULL, '', '', '', '', '', '', '', '', '', '', '', '', 'N', ''),
(249, '', 'Negri', 'Luciana', '', '', NULL, NULL, '', '', '', '', '', '', '', '', '', '', '', '', 'N', ''),
(250, '', 'Monti', 'Rosina', '', '', NULL, NULL, '', '', '', '', '', '', '', '', '', '', '', '', 'N', ''),
(251, '', 'Arvotti', 'Luciana', '', '', NULL, NULL, '', '', '', '', '', '', '', '', '', '', '', '', 'N', ''),
(252, '', 'Bondesan', 'Giuseppe', '', '', NULL, NULL, '', '', '', '', '', '', '', '', '', '', '', '', 'N', ''),
(253, '', 'Roggero', 'Gianfranco', '', '', NULL, NULL, '', '', '', '', '', '', '', '', '', '', '', '', 'N', ''),
(254, '', 'Sagliaschi', 'Wilma', '', '', NULL, NULL, '', '', '', '', '', '', '', '', '', '', '', '', 'N', ''),
(255, '', 'Arienta', 'Maria Rosa', '', '', NULL, NULL, '', '', '', '', '', '', '', '', '', '', '', '', 'N', ''),
(256, '', 'Canobio', 'Angioletta', '', '', NULL, NULL, '', '', '', '', '', '', '', '', '', '', '', '', 'N', ''),
(257, '', 'Donetti Ferraris', 'Maris', '', '', NULL, NULL, '', '', '', '', '', '', '', '', '', '', '', '', 'N', ''),
(258, '', 'Donetti', 'Roberto', '', '', NULL, NULL, '', '', '', '', '', '', '', '', '', '', '', '', 'N', ''),
(259, 'Disco d''Oro', '.', '.', NULL, NULL, NULL, NULL, NULL, NULL, NULL, NULL, NULL, NULL, NULL, NULL, NULL, NULL, NULL, NULL, 'N', 'Y'),
(260, 'Tecno Ufficio', '.', '.', NULL, NULL, NULL, NULL, NULL, NULL, NULL, NULL, NULL, NULL, NULL, NULL, NULL, NULL, NULL, NULL, 'N', 'Y'),
(261, 'ProLoco Grignasco', '.', '.', '', '', NULL, NULL, '', '', '', '', '', '', '', '', '', '', '', '', 'N', ''),
(262, '', 'Cacciami', 'Antonio', '', '', NULL, NULL, '', '', '', '', '', '', '', '', '', '', '', '', 'N', ''),
(263, '', 'Guglielmina', 'Umberto', '', '', NULL, NULL, '', '', '', '', '', '', '', '', '', '', '', '', 'N', ''),
(264, 'Rimborso Concerto Esterni', '.', '.', NULL, NULL, NULL, NULL, NULL, NULL, NULL, NULL, NULL, NULL, NULL, NULL, NULL, NULL, NULL, NULL, 'N', 'Y'),
(265, 'Comune Campertogno', '.', '.', '', '', NULL, NULL, '', '', '', '', '', '', '', '', '', '', '', '', 'N', ''),
(266, 'Ferramenta Zanolo e Gozzi', '.', '.', '', '', NULL, NULL, '', '', '', '', '', '', '', '', '', '', '', '', 'N', ''),
(267, 'Cipir Utility Srl', '.', '.', '', '', NULL, NULL, '', '', '', '', '', '', '', '', '', '', '', '', 'N', ''),
(268, 'Mercatone Uno', '.', '.', '', '', NULL, NULL, '', '', '', '', '', '', '', '', '', '', '', '', 'N', ''),
(269, 'Sax Gattinara', '.', '.', '', '', NULL, NULL, '', '', '', '', '', '', '', '', '', '', '', '', 'N', ''),
(270, 'Provincia Novara', '.', '.', '', '', NULL, NULL, '', '', '', '', '', '', '', '', '', '', '', '', 'N', ''),
(271, 'Oratorio San Bernardo', '.', '.', '', '', NULL, NULL, '', '', '', '', '', '', '', '', '', '', '', '', 'N', ''),
(272, 'Gruppo Alpini Valbusaga', '.', '.', '', '', NULL, NULL, '', '', '', '', '', '', '', '', '', '', '', '', 'N', ''),
(273, '', 'Palma', 'Urano', '', '', NULL, NULL, '', '', '', '', '', '', '', '', '', '', '', '', 'N', ''),
(274, '', 'Allifranchini', 'Ruggero', '', '', NULL, NULL, 'Via Dante 5', 'Grignasco', '', '', '', '', '', '', '', '', '', '', 'N', ''),
(275, 'Sig', 'Velatta', '.', '', '', NULL, NULL, '', '', '', '', '', '', '', '', '', '', '', '', 'N', ''),
(276, '', 'Zanaroli', 'Mario', '', '', NULL, NULL, '', '', '', '', '', '', '', '', '', '', '', '', 'N', ''),
(277, 'di Gattinara', '.', 'Evelina', '', '', NULL, NULL, '', '', '', '', '', '', '', '', '', '', '', '', 'N', ''),
(278, 'di Gattinara', 'Mantovani', '.', '', '', NULL, NULL, '', '', '', '', '', '', '', '', '', '', '', '', 'N', ''),
(279, '', 'Tomalino', 'Christian', '', '', NULL, NULL, '', '', '', '', '', '', '', '', '', '', '', '', 'N', ''),
(280, '', 'Saragno', 'Annalisa', '', '', NULL, NULL, '', '', '', '', '', '', '', '', '', '', '', '', 'N', ''),
(281, '', 'Lasoued', 'Aya + Yed', '', '', NULL, NULL, '', '', '', '', '', '', '', '', '', '', '', '', 'N', ''),
(282, '', 'Mingolla', 'Paola', '', '', NULL, NULL, '', '', '', '', '', '', '', '', '', '', '', '', 'N', ''),
(283, '', 'Andoh', 'Charles', '', '', NULL, NULL, '', '', '', '', '', '', '', '', '', '', '', '', 'N', ''),
(284, '', 'Granieri', 'Antonio', '', '', NULL, NULL, '', '', '', '', '', '', '', '', '', '', '', '', 'N', ''),
(285, 'Effedì Pianeta Foto', '.', '.', '', '', NULL, NULL, '', '', '', '', '', '', '', '', '', '', '', '', 'N', ''),
(286, '', 'Gardinale', 'Emilio', '', '', NULL, NULL, '', '', '', '', '', '', '', '', '', '', '', '', 'N', ''),
(287, '', 'Andorno', 'Daniele', '', '', NULL, NULL, '', '', '', '', '', '', '', '', '', '', '', '', 'N', ''),
(288, '', 'Tosetti', 'Eleonora', '', '', NULL, NULL, '', '', '', '', '', '', '', '', '', '', '', '', 'N', ''),
(289, '', 'Sillani', '.', '', '', NULL, NULL, '', '', '', '', '', '', '', '', '', '', '', '', 'N', ''),
(290, '', 'Ferro', 'Gianfranco', '', '', NULL, NULL, '', '', '', '', '', '', '', '', '', '', '', '', 'N', ''),
(291, 'q', 'q', 'q', '', '', NULL, NULL, '', '', '', '', '', '', '', '', '', '', '', '', 'Y', ''),
(292, '', 'Marco Polo Expert', '.', '', '', NULL, NULL, '', '', '', '', '', '', '', '', '', '', '', '', 'N', ''),
(293, '', 'Borsoi', 'Alberto', '', '', NULL, NULL, '', '', '', '', '', '', '', '', '', '', '', '', 'N', ''),
(294, '', 'Ferraris', 'Marco', '', '', NULL, NULL, '', '', '', '', '', '', '', '', '', '', '', '', 'N', ''),
(295, '', 'Milone', 'Marianna', '', '', NULL, NULL, '', '', '', '', '', '', '', '', '', '', '', '', 'N', ''),
(296, '', 'Cerutti', 'Alessandro', '', '', NULL, NULL, '', '', '', '', '', '', '', '', '', '', '', '', 'N', ''),
(297, '', 'Penny', 'Market', '', '', NULL, NULL, '', '', '', '', '', '', '', '', '', '', '', '', 'N', ''),
(298, 'Da Giovanni Ristorante', '.', '.', '', '', NULL, NULL, '', '', '', '', '', '', '', '', '', '', '', '', 'N', ''),
(299, '', 'Pietro', 'Angelino', '', '', NULL, NULL, '', '', '', '', '', '', '', '', '', '', '', '', 'N', ''),
(300, '', 'Donato', '.', '', '', NULL, NULL, '', '', '', '', '', '', '', '', '', '', '', '', 'N', ''),
(301, 'Corno', '.', 'Valerio', '', '', NULL, NULL, '', 'Cornaredo', '', '', '', '', '', '', '', '', '', '', 'N', ''),
(302, 'Corno Verbania', '.', '.', '', '', NULL, NULL, '', '', '', '', '', '', '', '', '', '', '', '', 'N', ''),
(303, 'CAST di Arienta Stefano', '.', '.', '', '', NULL, NULL, '', '', '', '', '', '', '', '', '', '', '', '', 'N', ''),
(304, 'Pro Loco Rastiglione', '.', '.', '', '', NULL, NULL, '', '', '', '', '', '', '', '', '', '', '', '', 'N', ''),
(305, 'Mondoffice srl', '.', '.', '', '', NULL, NULL, '', '', '', '', '', '', '', '', '', '', '', '', 'N', ''),
(306, 'Ghemme', '.', 'Raffaella', '', '', NULL, NULL, '', '', '', '', '', '', '', '', '', '', '', '', 'N', ''),
(307, 'Cardinali', '.', '.', '01834560029', '', NULL, NULL, 'Via Cavour 67', 'Livorno Ferraris', '', 'VC', '0161477556', '', '', '0161/478147', '', 'luca@cardinali.it', '', 'www.cardinali.it', 'N', ''),
(308, '', 'Pasqualin', 'Ornella', '', '', NULL, NULL, '', '', '', '', '', '', '', '', '', '', '', '', 'N', ''),
(309, '', 'Coro', 'Bless The Lord', '', '', NULL, NULL, '', '', '', '', '', '', '', '', '', '', '', '', 'N', ''),
(310, 'Selmat', '.', '.', '', '', NULL, NULL, '', '', '', '', '', '', '', '', '', '', '', '', 'N', ''),
(311, '', 'Guglielmina', 'Anita', '', '', NULL, NULL, 'Via della Madonna', '', '', '', '', '', '', '', '', '', '', '', 'N', ''),
(312, '', 'Franchi', 'Franco', '', '', NULL, NULL, 'Via Dante Alighieri', '', '', '', '', '', '', '', '', '', '', '', 'N', ''),
(313, '', 'Vinzio', 'Christian', '', '', NULL, NULL, '', '', '', '', '', '', '', '', '', '', '', '', 'N', ''),
(314, '', 'Bressan', 'Daniele', '', '', NULL, NULL, '', '', '', '', '', '', '', '', '', '', '', '', 'N', ''),
(315, '', 'Giorgetti', 'Ivana', '', '', NULL, NULL, '', '', '', '', '', '', '', '', '', '', '', '', 'N', ''),
(316, '', 'Perazzi', 'Massimo', '', '', NULL, NULL, '', '', '', '', '', '', '', '', '', '', '', '', 'N', ''),
(317, '', 'Rabaglio', 'Pierina', '', '', NULL, NULL, '', '', '', '', '', '', '', '', '', '', '', '', 'N', ''),
(318, '', 'Famiglia Borelli', 'Luciano', '', '', NULL, NULL, '', '', '', '', '', '', '', '', '', '', '', '', 'N', ''),
(319, '', 'Lovatto', 'Bruno', '', '', NULL, NULL, '', '', '', '', '', '', '', '', '', '', '', '', 'N', ''),
(320, 'Comitato Carnevale del SIMP', '.', '.', '', '', NULL, NULL, '', '', '', '', '', '', '', '', '', '', '', '', 'N', ''),
(321, 'GS S.P.A. IPERSTORE RONDO', '.', '.', '', '', NULL, NULL, '', '', '', '', '', '', '', '', '', '', '', '', 'N', ''),
(322, '', 'Bellan', 'Massimo', '', '', NULL, NULL, '', '', '', '', '', '', '', '', '', '', '', '', 'N', ''),
(323, '', 'Mancin', 'Chiara', '', '', NULL, NULL, '', '', '', '', '', '', '', '', '', '', '', '', 'N', ''),
(324, '', 'Giolito', 'Aldo', '', '', NULL, NULL, 'Via Pastore, 19', 'Grignasco', '28075', 'NO', '', '', '', '', '', '', '', '', 'N', ''),
(325, 'Scampoli Saglietti', '.', '.', '', '', NULL, NULL, 'Via Gramsci, 14', 'Prato Sesia', '28077', 'NO', '0163/852010', '', '', '', '', '', '', '', 'N', ''),
(326, '', 'Spettacolo dal vivo', 'Direzione Generale', '', '', NULL, NULL, '', '', '', '', '', '', '', '', '', '', '', '', 'N', ''),
(327, 'Banca Prossima', '.', '.', '', '', NULL, NULL, '', '', '40783', '', '', '', '', '', '3351355849', 'paolo.ditoro@bancaprossima.com', '', '', 'N', ''),
(328, 'Pro Loco Boca', '.', '.', '', '', NULL, NULL, '', '', '', '', '', '', '', '', '', '', '', '', 'N', ''),
(329, '', 'Ponchio', 'Edoardo', '', '', NULL, NULL, '', '', '', '', '', '', '', '', '', '', '', '', 'N', ''),
(330, 'Accademia Italiana Arti Marziali', '.', '.', '', '', NULL, NULL, '', '', '', '', '', '', '', '', '', '', '', '', 'N', '');

-- --------------------------------------------------------

-- 
-- Struttura della tabella `sd_tesseramenti`
-- 

DROP TABLE IF EXISTS `sd_tesseramenti`;
CREATE TABLE IF NOT EXISTS `sd_tesseramenti` (
  `ID_Tesseramento` int(12) unsigned NOT NULL auto_increment,
  `ID_Soggetto` int(12) unsigned NOT NULL default '0',
  `Data_Tessera` date NOT NULL default '0000-00-00',
  `Importo_Versato` int(12) unsigned NOT NULL default '0',
  `Validita` varchar(4) NOT NULL default '0000',
  `Tipo_Socio` varchar(50) NOT NULL default '',
  `ID_Promotore` int(12) unsigned default NULL,
  `Deleted` char(1) NOT NULL default 'N',
  `ID_Movimento` int(12) unsigned NOT NULL default '0',
  PRIMARY KEY  (`ID_Tesseramento`)
) ENGINE=MyISAM  DEFAULT CHARSET=latin1 AUTO_INCREMENT=26 ;

-- 
-- Dump dei dati per la tabella `sd_tesseramenti`
-- 

INSERT INTO `sd_tesseramenti` (`ID_Tesseramento`, `ID_Soggetto`, `Data_Tessera`, `Importo_Versato`, `Validita`, `Tipo_Socio`, `ID_Promotore`, `Deleted`, `ID_Movimento`) VALUES 
(1, 30, '2007-01-01', 0, '2007', '2', NULL, 'N', 0),
(2, 114, '0000-00-00', 100000, '2012', '2', 114, 'Y', 0),
(3, 103, '0000-00-00', 200000, '2015', '1', 114, 'Y', 0),
(4, 103, '0000-00-00', 200000, '2015', '1', 114, 'Y', 0),
(5, 103, '0000-00-00', 200000, '2015', '1', 114, 'Y', 0),
(6, 103, '0000-00-00', 300000, '2015', '3', 103, 'Y', 0),
(7, 103, '0000-00-00', 300000, '2015', '3', 103, 'Y', 0),
(8, 114, '0000-00-00', 40000, '2005', '2', 103, 'Y', 0),
(9, 114, '0000-00-00', 1, '2005', '2', 114, 'Y', 0),
(10, 114, '0000-00-00', 1, '2005', '2', 114, 'Y', 0),
(11, 114, '0000-00-00', 1, '2005', '2', 114, 'Y', 0),
(12, 134, '0000-00-00', 12, '2007', '2', 134, 'Y', 0),
(13, 134, '0000-00-00', 12, '2007', '2', 134, 'Y', 0),
(14, 134, '0000-00-00', 12, '2007', '2', 134, 'Y', 0),
(15, 83, '0000-00-00', 1000000, '2005', '2', 83, 'Y', 0),
(16, 83, '0000-00-00', 1000000, '2005', '2', 83, 'Y', 0),
(17, 83, '0000-00-00', 1000000, '2005', '2', 83, 'Y', 0),
(18, 83, '0000-00-00', 1000000, '2013', '2', 83, 'Y', 0),
(19, 83, '2007-01-31', 1000000, '2013', '2', 83, 'Y', 0),
(20, 83, '0000-00-00', 1000000, '2005', '2', 83, 'Y', 0),
(21, 83, '2007-01-31', 1000000, '2005', '2', 83, 'Y', 0),
(22, 83, '2007-01-31', 1000000, '2005', '2', 83, 'Y', 0),
(23, 134, '2007-01-16', 12, '2005', '2', 131, 'Y', 0),
(24, 83, '2007-01-16', 34, '2005', '3', 86, 'Y', 0),
(25, 133, '2007-01-15', 100, '2007', '3', 114, 'Y', 0);

-- --------------------------------------------------------

-- 
-- Struttura della tabella `sd_tipi_pagamento`
-- 

DROP TABLE IF EXISTS `sd_tipi_pagamento`;
CREATE TABLE IF NOT EXISTS `sd_tipi_pagamento` (
  `ID_Tipo_Pagamento` int(3) NOT NULL auto_increment,
  `Tipo_Pagamento` varchar(30) NOT NULL default '',
  PRIMARY KEY  (`ID_Tipo_Pagamento`,`Tipo_Pagamento`)
) ENGINE=MyISAM  DEFAULT CHARSET=latin1 AUTO_INCREMENT=9 ;

-- 
-- Dump dei dati per la tabella `sd_tipi_pagamento`
-- 

INSERT INTO `sd_tipi_pagamento` (`ID_Tipo_Pagamento`, `Tipo_Pagamento`) VALUES 
(1, 'Bonifico Bancario'),
(2, 'Carta di Credito'),
(3, 'Contanti'),
(4, 'Assegno Bancario'),
(5, 'Assegno Circolare'),
(6, 'Ricevuta Bancaria'),
(7, 'Versamento Contanti'),
(8, 'Giacenza');

-- --------------------------------------------------------

-- 
-- Struttura della tabella `sd_tipi_soci`
-- 

DROP TABLE IF EXISTS `sd_tipi_soci`;
CREATE TABLE IF NOT EXISTS `sd_tipi_soci` (
  `ID` tinyint(3) unsigned NOT NULL auto_increment,
  `Tipo` varchar(50) NOT NULL default '0',
  PRIMARY KEY  (`ID`),
  UNIQUE KEY `ID` (`ID`,`Tipo`),
  KEY `ID_2` (`ID`,`Tipo`)
) ENGINE=MyISAM  DEFAULT CHARSET=latin1 AUTO_INCREMENT=4 ;

-- 
-- Dump dei dati per la tabella `sd_tipi_soci`
-- 

INSERT INTO `sd_tipi_soci` (`ID`, `Tipo`) VALUES 
(1, 'Ordinario'),
(2, 'Effettivo'),
(3, 'Sostenitore');

-- --------------------------------------------------------

-- 
-- Struttura della tabella `sd_voci_bilancio`
-- 

DROP TABLE IF EXISTS `sd_voci_bilancio`;
CREATE TABLE IF NOT EXISTS `sd_voci_bilancio` (
  `id` tinyint(3) unsigned NOT NULL auto_increment,
  `voce` varchar(250) NOT NULL default '0',
  `bilancio` char(1) NOT NULL default '0',
  PRIMARY KEY  (`id`,`voce`),
  KEY `id` (`id`)
) ENGINE=MyISAM  DEFAULT CHARSET=latin1 AUTO_INCREMENT=43 ;

-- 
-- Dump dei dati per la tabella `sd_voci_bilancio`
-- 

INSERT INTO `sd_voci_bilancio` (`id`, `voce`, `bilancio`) VALUES 
(1, 'Varie', '1'),
(2, 'Rimborso spese ai Maestri', '1'),
(3, 'Spese Postali e Varie', '1'),
(4, 'Acquisto Vestiario', '1'),
(5, 'Acquisto, Manutenzione Strumenti musicali', '1'),
(6, 'Acquisto Partiture', '1'),
(7, 'Rimborso spese ai Musici', '1'),
(8, 'Oneri SIAE', '1'),
(9, 'Energia Elettrica', '1'),
(10, 'Riscaldamento', '1'),
(11, 'Assicurazione', '1'),
(12, 'Cancelleria e Stampati', '1'),
(13, 'Rinfreschi e Pranzi', '1'),
(14, 'Promozione e Pubblicità', '1'),
(15, 'Oneri Intesa San Paolo', '1'),
(17, 'Tesseramento Anbima', '1'),
(18, 'Tessere', '1'),
(19, 'Contributo Comune di Grignasco', '1'),
(20, 'Contributo Frequenza Allievi (Lezioni e Strumenti)', '1'),
(21, 'Contributo per Manutenzione Strumenti', '1'),
(22, 'Offerte Ricevute Durante Servizi e Concerti', '1'),
(23, 'Sottoscrizioni a Premi e Dolci Note', '1'),
(24, 'Contributo Provinciale', '1'),
(25, 'Contributo Ministero dello Spettacolo', '1'),
(26, 'Contributo Provinciale Scuola Allievi', '1'),
(27, 'Rimborso Esterni', '1'),
(28, 'Partita di Giro', '0'),
(29, 'Acquisto Premi per Sottoscrizioni', '1'),
(30, 'Donazione per Acquisti e Manutenzione Strumenti', '1'),
(31, 'Telefonia', '1'),
(32, 'Saldo Iniziale', '0'),
(33, 'Pomeriggio Musicale', '1'),
(34, 'Trasporti', '1'),
(35, 'Macchine per Ufficio', '1'),
(36, 'Manutenzione Strumenti Musicali di Proprietà dei Musici', '1'),
(37, 'Contributo Regionale L. 38/2000', '1'),
(38, 'Attrezzature e Materiale per Sede', '1'),
(39, 'Noleggio strumenti', '1'),
(40, 'Contributo manutenzione strumenti', '1'),
(41, 'Oblazioni', '1'),
(42, 'Interessi creditori', '1');
